{"stats":{"minecraft:dropped":{"minecraft:rotten_flesh":3,"minecraft:granite":4,"minecraft:dirt":4,"royalvariations:royal_staff":1,"minecraft:iron_pickaxe":1},"minecraft:mined":{"minecraft:tuff":1,"minecraft:brown_mushroom":2,"minecraft:red_bed":4,"minecraft:dark_oak_leaves":6,"minecraft:torch":1,"minecraft:cave_vines_plant":2,"minecraft:granite":17,"minecraft:dark_oak_wood":1,"minecraft:grass_block":5,"minecraft:rose_bush":2,"minecraft:cobblestone":1,"denseores:dense_coal_ore":6,"minecraft:tall_grass":1,"minecraft:spruce_leaves":6,"minecraft:lapis_ore":5,"minecraft:moss_block":3,"minecraft:diorite":4,"powah:deepslate_uraninite_ore_poor":2,"minecraft:birch_planks":4,"minecraft:raw_gold_block":4,"minecraft:birch_log":152,"minecraft:iron_ore":43,"minecraft:spruce_log":18,"minecraft:birch_leaves":6,"minecraft:orange_tulip":3,"minecraft:grass":1,"minecraft:red_tulip":1,"minecraft:oak_log":8,"minecraft:coal_ore":114,"minecraft:cave_vines":2,"minecraft:vine":3,"minecraft:flowering_azalea_leaves":1,"minecraft:dirt_path":2,"minecraft:dirt":3,"minecraft:azalea_leaves":6,"minecraft:stone_bricks":3,"minecraft:stone":300,"minecraft:gold_ore":30,"denseores:dense_iron_ore":2,"minecraft:fern":2},"minecraft:picked_up":{"minecraft:birch_log":152,"minecraft:brown_mushroom":2,"royalvariations:royal_staff":1,"minecraft:birch_planks":4,"minecraft:tuff":1,"minecraft:oak_log":8,"minecraft:red_bed":4,"minecraft:lapis_lazuli":34,"minecraft:dirt":12,"minecraft:stone_bricks":3,"minecraft:orange_tulip":3,"minecraft:wheat_seeds":1,"minecraft:raw_gold":30,"minecraft:rose_bush":2,"minecraft:iron_pickaxe":1,"minecraft:moss_block":2,"minecraft:flowering_azalea":2,"minecraft:raw_iron":48,"minecraft:raw_gold_block":4,"minecraft:big_dripleaf":3,"minecraft:torch":2,"powah:uraninite_raw":2,"minecraft:diorite":4,"minecraft:carrot":2,"minecraft:spruce_log":18,"minecraft:rotten_flesh":7,"minecraft:granite":18,"minecraft:red_tulip":1,"supplementaries:ash":1,"minecraft:glow_berries":2,"minecraft:dark_oak_wood":1,"minecraft:coal":130,"minecraft:cobblestone":296},"minecraft:killed":{"royalvariations:royal_zombie":1,"minecraft:zombie":7},"minecraft:broken":{"minecraft:iron_pickaxe":1},"minecraft:crafted":{"minecraft:oak_planks":20,"minecraft:crafting_table":5,"minecraft:spruce_planks":24,"minecraft:baked_potato":8,"minecraft:iron_sword":1,"minecraft:furnace":3,"minecraft:stone":32,"minecraft:birch_planks":416,"minecraft:air":0,"minecraft:iron_axe":1,"minecraft:raw_gold":36,"minecraft:stick":24,"minecraft:iron_ingot":17,"minecraft:iron_pickaxe":2,"minecraft:stone_pickaxe":1,"minecraft:stone_sword":1,"minecraft:chest":1,"minecraft:torch":24,"minecraft:stone_bricks":32},"minecraft:custom":{"minecraft:interact_with_furnace":11,"lootr:looted_stat":6,"minecraft:mob_kills":9,"minecraft:interact_with_crafting_table":16,"minecraft:bell_ring":1,"minecraft:leave_game":1,"minecraft:time_since_death":23088,"minecraft:sleep_in_bed":1,"minecraft:climb_one_cm":1825,"minecraft:damage_resisted":18,"minecraft:time_since_rest":10552,"minecraft:sprint_one_cm":65145,"minecraft:damage_taken":1065,"minecraft:walk_one_cm":317614,"minecraft:drop":7,"minecraft:damage_dealt":1901,"minecraft:swim_one_cm":483,"minecraft:player_kills":1,"minecraft:fly_one_cm":100419,"minecraft:open_chest":3,"minecraft:deaths":1,"minecraft:crouch_one_cm":27930,"minecraft:play_time":84578,"minecraft:sneak_time":6174,"minecraft:walk_under_water_one_cm":7781,"minecraft:jump":975,"minecraft:walk_on_water_one_cm":5350,"minecraft:total_world_time":84578,"minecraft:fall_one_cm":31379},"minecraft:killed_by":{"minecraft:player":1},"minecraft:used":{"minecraft:moss_block":1,"minecraft:diorite":2,"minecraft:stone_sword":18,"minecraft:birch_planks":295,"minecraft:stone_pickaxe":122,"minecraft:baked_potato":8,"minecraft:orange_tulip":1,"minecraft:chest":1,"minecraft:spruce_planks":5,"minecraft:wooden_pickaxe":7,"minecraft:iron_sword":17,"minecraft:torch":19,"minecraft:glow_berries":2,"minecraft:dirt":6,"minecraft:crafting_table":5,"minecraft:red_bed":4,"minecraft:tuff":1,"minecraft:granite":10,"minecraft:spruce_log":18,"minecraft:oak_log":3,"minecraft:bread":4,"minecraft:iron_axe":201,"minecraft:iron_pickaxe":415,"minecraft:stone_bricks":35,"minecraft:cobblestone":34,"minecraft:sweet_berries":18,"minecraft:furnace":3,"minecraft:birch_log":33}},"DataVersion":3465}