{"stats":{"minecraft:dropped":{"minecraft:rotten_flesh":3},"minecraft:mined":{"minecraft:tuff":1,"minecraft:brown_mushroom":2,"minecraft:red_bed":1,"minecraft:dark_oak_leaves":6,"minecraft:torch":1,"minecraft:cave_vines_plant":2,"minecraft:granite":11,"minecraft:dark_oak_wood":1,"minecraft:grass_block":5,"minecraft:rose_bush":2,"denseores:dense_coal_ore":6,"minecraft:tall_grass":1,"minecraft:spruce_leaves":5,"minecraft:lapis_ore":5,"minecraft:moss_block":2,"minecraft:diorite":4,"powah:deepslate_uraninite_ore_poor":2,"minecraft:birch_planks":4,"minecraft:raw_gold_block":4,"minecraft:birch_log":40,"minecraft:iron_ore":15,"minecraft:spruce_log":1,"minecraft:birch_leaves":1,"minecraft:orange_tulip":3,"minecraft:grass":1,"minecraft:red_tulip":1,"minecraft:oak_log":8,"minecraft:coal_ore":87,"minecraft:cave_vines":2,"minecraft:vine":3,"minecraft:flowering_azalea_leaves":1,"minecraft:dirt_path":1,"minecraft:dirt":2,"minecraft:azalea_leaves":6,"minecraft:stone":69,"minecraft:gold_ore":30,"denseores:dense_iron_ore":2,"minecraft:fern":2},"minecraft:picked_up":{"minecraft:birch_log":40,"minecraft:brown_mushroom":2,"minecraft:birch_planks":4,"minecraft:tuff":1,"minecraft:oak_log":8,"minecraft:red_bed":1,"minecraft:lapis_lazuli":34,"minecraft:dirt":7,"minecraft:orange_tulip":3,"minecraft:wheat_seeds":1,"minecraft:raw_gold":30,"minecraft:rose_bush":2,"minecraft:moss_block":2,"minecraft:flowering_azalea":2,"minecraft:raw_iron":20,"minecraft:raw_gold_block":4,"minecraft:big_dripleaf":3,"minecraft:torch":2,"powah:uraninite_raw":2,"minecraft:diorite":4,"minecraft:spruce_log":1,"minecraft:rotten_flesh":3,"minecraft:granite":11,"minecraft:red_tulip":1,"supplementaries:ash":1,"minecraft:glow_berries":2,"minecraft:dark_oak_wood":1,"minecraft:coal":104,"minecraft:cobblestone":67},"minecraft:killed":{"minecraft:zombie":5},"minecraft:crafted":{"minecraft:oak_planks":16,"minecraft:crafting_table":3,"minecraft:spruce_planks":24,"minecraft:baked_potato":8,"minecraft:iron_sword":1,"minecraft:furnace":2,"minecraft:birch_planks":160,"minecraft:air":0,"minecraft:iron_axe":1,"minecraft:raw_gold":36,"minecraft:stick":24,"minecraft:iron_ingot":17,"minecraft:iron_pickaxe":1,"minecraft:stone_pickaxe":1,"minecraft:stone_sword":1,"minecraft:chest":1,"minecraft:torch":24},"minecraft:custom":{"minecraft:interact_with_furnace":7,"lootr:looted_stat":6,"minecraft:mob_kills":6,"minecraft:interact_with_crafting_table":12,"minecraft:bell_ring":1,"minecraft:leave_game":1,"minecraft:time_since_death":60578,"minecraft:climb_one_cm":1661,"minecraft:time_since_rest":60578,"minecraft:sprint_one_cm":52832,"minecraft:damage_taken":790,"minecraft:walk_one_cm":221866,"minecraft:drop":3,"minecraft:damage_dealt":1289,"minecraft:swim_one_cm":483,"minecraft:fly_one_cm":79677,"minecraft:open_chest":3,"minecraft:crouch_one_cm":14671,"minecraft:play_time":60578,"minecraft:sneak_time":3664,"minecraft:walk_under_water_one_cm":7781,"minecraft:jump":749,"minecraft:walk_on_water_one_cm":5221,"minecraft:total_world_time":60578,"minecraft:fall_one_cm":26732},"minecraft:used":{"minecraft:moss_block":1,"minecraft:diorite":2,"minecraft:stone_sword":18,"minecraft:birch_planks":160,"minecraft:stone_pickaxe":122,"minecraft:baked_potato":6,"minecraft:orange_tulip":1,"minecraft:chest":1,"minecraft:spruce_planks":5,"minecraft:wooden_pickaxe":7,"minecraft:iron_sword":7,"minecraft:torch":19,"minecraft:glow_berries":2,"minecraft:dirt":6,"minecraft:crafting_table":3,"minecraft:tuff":1,"minecraft:granite":9,"minecraft:oak_log":3,"minecraft:bread":4,"minecraft:iron_axe":63,"minecraft:iron_pickaxe":118,"minecraft:cobblestone":15,"minecraft:sweet_berries":18,"minecraft:furnace":2}},"DataVersion":3465}