{"stats":{"minecraft:dropped":{"minecraft:birch_planks":37,"minecraft:rotten_flesh":3,"minecraft:granite":4,"minecraft:dirt":4,"royalvariations:royal_staff":1,"minecraft:iron_pickaxe":1},"minecraft:mined":{"minecraft:tuff":1,"minecraft:brown_mushroom":2,"minecraft:red_bed":4,"minecraft:dark_oak_leaves":6,"minecraft:torch":1,"minecraft:cave_vines_plant":2,"minecraft:granite":17,"minecraft:dark_oak_wood":1,"minecraft:grass_block":5,"minecraft:rose_bush":2,"minecraft:cobblestone":1,"denseores:dense_coal_ore":6,"minecraft:tall_grass":1,"minecraft:spruce_leaves":6,"minecraft:lapis_ore":5,"minecraft:moss_block":3,"minecraft:diorite":4,"minecraft:wall_torch":1,"powah:deepslate_uraninite_ore_poor":2,"minecraft:birch_planks":4,"minecraft:raw_gold_block":4,"minecraft:birch_log":185,"minecraft:iron_ore":51,"minecraft:spruce_log":33,"minecraft:birch_leaves":6,"minecraft:orange_tulip":3,"minecraft:grass":1,"supplementaries:stick":1,"minecraft:red_tulip":1,"minecraft:oak_log":8,"minecraft:coal_ore":114,"minecraft:cave_vines":2,"minecraft:vine":3,"minecraft:flowering_azalea_leaves":1,"minecraft:dirt_path":2,"minecraft:dirt":7,"minecraft:azalea_leaves":6,"minecraft:stone_bricks":3,"minecraft:stone":1128,"minecraft:gold_ore":30,"denseores:dense_iron_ore":2,"minecraft:fern":3},"minecraft:picked_up":{"minecraft:birch_log":184,"minecraft:brown_mushroom":2,"royalvariations:royal_staff":1,"minecraft:birch_planks":41,"minecraft:tuff":1,"minecraft:oak_log":8,"minecraft:red_bed":4,"minecraft:lapis_lazuli":34,"minecraft:dirt":15,"minecraft:stone_bricks":3,"minecraft:orange_tulip":3,"minecraft:wheat_seeds":1,"minecraft:raw_gold":30,"minecraft:rose_bush":2,"minecraft:iron_pickaxe":1,"minecraft:moss_block":2,"minecraft:birch_sapling":1,"minecraft:flowering_azalea":2,"minecraft:stick":6,"minecraft:raw_iron":56,"minecraft:raw_gold_block":4,"minecraft:big_dripleaf":3,"minecraft:torch":3,"minecraft:sand":5,"minecraft:stripped_spruce_log":1,"powah:uraninite_raw":2,"minecraft:spruce_sapling":5,"minecraft:diorite":4,"minecraft:carrot":2,"minecraft:spruce_log":33,"minecraft:rotten_flesh":7,"minecraft:granite":18,"minecraft:red_tulip":1,"supplementaries:ash":1,"minecraft:glow_berries":2,"minecraft:dark_oak_wood":1,"minecraft:coal":130,"minecraft:cobblestone":1124},"minecraft:killed":{"royalvariations:royal_zombie":1,"minecraft:zombie":7},"minecraft:broken":{"minecraft:iron_axe":1,"minecraft:iron_pickaxe":5},"minecraft:crafted":{"minecraft:oak_planks":20,"minecraft:crafting_table":5,"minecraft:spruce_planks":24,"minecraft:baked_potato":30,"minecraft:iron_sword":1,"minecraft:furnace":7,"minecraft:stone":269,"minecraft:birch_planks":416,"minecraft:air":0,"minecraft:iron_axe":1,"minecraft:raw_gold":36,"minecraft:stick":32,"minecraft:iron_ingot":27,"minecraft:iron_pickaxe":7,"minecraft:stone_pickaxe":1,"minecraft:stone_sword":1,"minecraft:chest":3,"minecraft:dark_oak_planks":4,"minecraft:torch":56,"minecraft:stone_bricks":196},"minecraft:custom":{"minecraft:interact_with_furnace":48,"lootr:looted_stat":7,"minecraft:mob_kills":9,"minecraft:interact_with_crafting_table":32,"minecraft:bell_ring":1,"minecraft:leave_game":1,"minecraft:time_since_death":47088,"minecraft:sleep_in_bed":2,"minecraft:climb_one_cm":1865,"minecraft:damage_resisted":18,"minecraft:time_since_rest":4261,"minecraft:sprint_one_cm":95831,"minecraft:damage_taken":1235,"minecraft:walk_one_cm":450155,"minecraft:drop":8,"minecraft:damage_dealt":1991,"minecraft:swim_one_cm":483,"minecraft:player_kills":1,"minecraft:fly_one_cm":137683,"minecraft:open_chest":10,"minecraft:deaths":1,"minecraft:crouch_one_cm":33286,"minecraft:play_time":108578,"minecraft:sneak_time":7449,"minecraft:walk_under_water_one_cm":7781,"minecraft:jump":1305,"minecraft:walk_on_water_one_cm":5384,"minecraft:total_world_time":108578,"minecraft:fall_one_cm":45855},"minecraft:killed_by":{"minecraft:player":1},"minecraft:used":{"minecraft:moss_block":1,"minecraft:diorite":2,"minecraft:stone_sword":18,"minecraft:birch_planks":295,"minecraft:stone_pickaxe":122,"minecraft:baked_potato":16,"minecraft:orange_tulip":1,"minecraft:chest":3,"minecraft:spruce_planks":5,"minecraft:wooden_pickaxe":7,"minecraft:iron_sword":17,"minecraft:stick":1,"minecraft:torch":38,"minecraft:glow_berries":2,"minecraft:dirt":8,"minecraft:crafting_table":5,"minecraft:red_bed":4,"minecraft:tuff":1,"minecraft:granite":10,"minecraft:spruce_log":18,"minecraft:oak_log":3,"minecraft:bread":4,"minecraft:iron_axe":249,"minecraft:iron_pickaxe":1251,"minecraft:stone_bricks":199,"minecraft:cobblestone":37,"minecraft:sweet_berries":18,"minecraft:furnace":7,"minecraft:birch_log":54}},"DataVersion":3465}