{"stats":{"minecraft:mined":{"minecraft:raw_gold_block":4,"minecraft:iron_ore":12,"minecraft:spruce_log":1,"minecraft:orange_tulip":3,"minecraft:torch":1,"minecraft:cave_vines_plant":2,"minecraft:granite":4,"minecraft:red_tulip":1,"minecraft:oak_log":4,"minecraft:grass_block":4,"minecraft:coal_ore":86,"minecraft:cave_vines":2,"minecraft:dirt_path":1,"minecraft:rose_bush":2,"minecraft:dirt":2,"denseores:dense_coal_ore":6,"minecraft:azalea_leaves":4,"minecraft:stone":33,"minecraft:moss_block":1,"minecraft:gold_ore":30,"minecraft:diorite":4,"denseores:dense_iron_ore":2,"minecraft:fern":2},"minecraft:picked_up":{"minecraft:raw_iron":17,"minecraft:raw_gold_block":4,"minecraft:torch":2,"minecraft:oak_log":4,"minecraft:diorite":4,"minecraft:spruce_log":1,"minecraft:dirt":6,"minecraft:rotten_flesh":1,"minecraft:orange_tulip":3,"minecraft:raw_gold":30,"minecraft:granite":4,"minecraft:red_tulip":1,"minecraft:rose_bush":2,"minecraft:moss_block":1,"minecraft:glow_berries":2,"minecraft:flowering_azalea":2,"minecraft:coal":103,"minecraft:cobblestone":33},"minecraft:killed":{"minecraft:zombie":3},"minecraft:crafted":{"minecraft:oak_planks":16,"minecraft:crafting_table":2,"minecraft:spruce_planks":24,"minecraft:stick":24,"minecraft:iron_ingot":4,"minecraft:iron_pickaxe":1,"minecraft:stone_pickaxe":1,"minecraft:stone_sword":1,"minecraft:furnace":1,"minecraft:torch":24,"minecraft:air":0},"minecraft:custom":{"minecraft:time_since_rest":24991,"minecraft:interact_with_furnace":2,"lootr:looted_stat":3,"minecraft:sprint_one_cm":7332,"minecraft:damage_taken":365,"minecraft:walk_one_cm":105557,"minecraft:mob_kills":4,"minecraft:damage_dealt":939,"minecraft:interact_with_crafting_table":6,"minecraft:fly_one_cm":9999,"minecraft:crouch_one_cm":515,"minecraft:play_time":24991,"minecraft:sneak_time":110,"minecraft:walk_under_water_one_cm":3276,"minecraft:jump":186,"minecraft:walk_on_water_one_cm":1944,"minecraft:time_since_death":24991,"minecraft:total_world_time":24991,"minecraft:climb_one_cm":196,"minecraft:fall_one_cm":6992},"minecraft:used":{"minecraft:diorite":2,"minecraft:stone_sword":18,"minecraft:bread":4,"minecraft:stone_pickaxe":122,"minecraft:iron_pickaxe":62,"minecraft:orange_tulip":1,"minecraft:spruce_planks":2,"minecraft:wooden_pickaxe":7,"minecraft:torch":17,"minecraft:dirt":6,"minecraft:sweet_berries":6,"minecraft:crafting_table":2,"minecraft:furnace":1}},"DataVersion":3465}