{"stats":{"minecraft:dropped":{"minecraft:rotten_flesh":3,"minecraft:dirt":4,"royalvariations:royal_staff":1,"minecraft:iron_pickaxe":1},"minecraft:mined":{"minecraft:tuff":1,"minecraft:brown_mushroom":2,"minecraft:red_bed":1,"minecraft:dark_oak_leaves":6,"minecraft:torch":1,"minecraft:cave_vines_plant":2,"minecraft:granite":15,"minecraft:dark_oak_wood":1,"minecraft:grass_block":5,"minecraft:rose_bush":2,"denseores:dense_coal_ore":6,"minecraft:tall_grass":1,"minecraft:spruce_leaves":5,"minecraft:lapis_ore":5,"minecraft:moss_block":3,"minecraft:diorite":4,"powah:deepslate_uraninite_ore_poor":2,"minecraft:birch_planks":4,"minecraft:raw_gold_block":4,"minecraft:birch_log":152,"minecraft:iron_ore":19,"minecraft:spruce_log":1,"minecraft:birch_leaves":6,"minecraft:orange_tulip":3,"minecraft:grass":1,"minecraft:red_tulip":1,"minecraft:oak_log":8,"minecraft:coal_ore":87,"minecraft:cave_vines":2,"minecraft:vine":3,"minecraft:flowering_azalea_leaves":1,"minecraft:dirt_path":2,"minecraft:dirt":2,"minecraft:azalea_leaves":6,"minecraft:stone":188,"minecraft:gold_ore":30,"denseores:dense_iron_ore":2,"minecraft:fern":2},"minecraft:picked_up":{"minecraft:birch_log":152,"minecraft:brown_mushroom":2,"royalvariations:royal_staff":1,"minecraft:birch_planks":4,"minecraft:tuff":1,"minecraft:oak_log":8,"minecraft:red_bed":1,"minecraft:lapis_lazuli":34,"minecraft:dirt":11,"minecraft:orange_tulip":3,"minecraft:wheat_seeds":1,"minecraft:raw_gold":30,"minecraft:rose_bush":2,"minecraft:iron_pickaxe":1,"minecraft:moss_block":2,"minecraft:flowering_azalea":2,"minecraft:raw_iron":24,"minecraft:raw_gold_block":4,"minecraft:big_dripleaf":3,"minecraft:torch":2,"powah:uraninite_raw":2,"minecraft:diorite":4,"minecraft:carrot":2,"minecraft:spruce_log":1,"minecraft:rotten_flesh":7,"minecraft:granite":16,"minecraft:red_tulip":1,"supplementaries:ash":1,"minecraft:glow_berries":2,"minecraft:dark_oak_wood":1,"minecraft:coal":104,"minecraft:cobblestone":183},"minecraft:killed":{"royalvariations:royal_zombie":1,"minecraft:zombie":6},"minecraft:crafted":{"minecraft:oak_planks":20,"minecraft:crafting_table":5,"minecraft:spruce_planks":24,"minecraft:baked_potato":8,"minecraft:iron_sword":1,"minecraft:furnace":2,"minecraft:birch_planks":416,"minecraft:air":0,"minecraft:iron_axe":1,"minecraft:raw_gold":36,"minecraft:stick":24,"minecraft:iron_ingot":17,"minecraft:iron_pickaxe":1,"minecraft:stone_pickaxe":1,"minecraft:stone_sword":1,"minecraft:chest":1,"minecraft:torch":24},"minecraft:custom":{"minecraft:interact_with_furnace":7,"lootr:looted_stat":6,"minecraft:mob_kills":8,"minecraft:interact_with_crafting_table":13,"minecraft:bell_ring":1,"minecraft:leave_game":1,"minecraft:time_since_death":11088,"minecraft:climb_one_cm":1825,"minecraft:damage_resisted":18,"minecraft:time_since_rest":11114,"minecraft:sprint_one_cm":58835,"minecraft:damage_taken":942,"minecraft:walk_one_cm":265200,"minecraft:drop":6,"minecraft:damage_dealt":1720,"minecraft:swim_one_cm":483,"minecraft:player_kills":1,"minecraft:fly_one_cm":87175,"minecraft:open_chest":3,"minecraft:deaths":1,"minecraft:crouch_one_cm":21830,"minecraft:play_time":72578,"minecraft:sneak_time":5052,"minecraft:walk_under_water_one_cm":7781,"minecraft:jump":844,"minecraft:walk_on_water_one_cm":5350,"minecraft:total_world_time":72578,"minecraft:fall_one_cm":28018},"minecraft:killed_by":{"minecraft:player":1},"minecraft:used":{"minecraft:moss_block":1,"minecraft:diorite":2,"minecraft:stone_sword":18,"minecraft:birch_planks":294,"minecraft:stone_pickaxe":122,"minecraft:baked_potato":6,"minecraft:orange_tulip":1,"minecraft:chest":1,"minecraft:spruce_planks":5,"minecraft:wooden_pickaxe":7,"minecraft:iron_sword":17,"minecraft:torch":19,"minecraft:glow_berries":2,"minecraft:dirt":6,"minecraft:crafting_table":5,"minecraft:tuff":1,"minecraft:granite":9,"minecraft:oak_log":3,"minecraft:bread":4,"minecraft:iron_axe":181,"minecraft:iron_pickaxe":246,"minecraft:cobblestone":15,"minecraft:sweet_berries":18,"minecraft:furnace":2,"minecraft:birch_log":9}},"DataVersion":3465}