{"stats":{"minecraft:mined":{"minecraft:iron_ore":11,"minecraft:spruce_log":1,"minecraft:orange_tulip":3,"minecraft:cave_vines_plant":2,"minecraft:red_tulip":1,"minecraft:oak_log":4,"minecraft:grass_block":3,"minecraft:coal_ore":47,"minecraft:cave_vines":2,"minecraft:dirt_path":1,"minecraft:rose_bush":1,"minecraft:dirt":2,"minecraft:azalea_leaves":4,"minecraft:stone":27,"minecraft:moss_block":1,"minecraft:diorite":4,"minecraft:fern":2},"minecraft:picked_up":{"minecraft:raw_iron":11,"minecraft:oak_log":4,"minecraft:diorite":4,"minecraft:spruce_log":1,"minecraft:dirt":5,"minecraft:rotten_flesh":1,"minecraft:orange_tulip":3,"minecraft:red_tulip":1,"minecraft:rose_bush":1,"minecraft:moss_block":1,"minecraft:glow_berries":2,"minecraft:flowering_azalea":2,"minecraft:coal":47,"minecraft:cobblestone":27},"minecraft:killed":{"minecraft:zombie":1},"minecraft:crafted":{"minecraft:oak_planks":16,"minecraft:crafting_table":1,"minecraft:stick":24,"minecraft:stone_pickaxe":1,"minecraft:stone_sword":1,"minecraft:torch":24},"minecraft:custom":{"minecraft:time_since_rest":12991,"lootr:looted_stat":1,"minecraft:sprint_one_cm":1566,"minecraft:damage_taken":140,"minecraft:walk_one_cm":56893,"minecraft:mob_kills":1,"minecraft:damage_dealt":200,"minecraft:interact_with_crafting_table":4,"minecraft:fly_one_cm":3449,"minecraft:crouch_one_cm":282,"minecraft:play_time":12991,"minecraft:sneak_time":37,"minecraft:jump":72,"minecraft:time_since_death":12991,"minecraft:total_world_time":12991,"minecraft:climb_one_cm":196,"minecraft:fall_one_cm":1982},"minecraft:used":{"minecraft:diorite":2,"minecraft:stone_sword":3,"minecraft:stone_pickaxe":90,"minecraft:orange_tulip":1,"minecraft:wooden_pickaxe":7,"minecraft:torch":1,"minecraft:dirt":2,"minecraft:crafting_table":1}},"DataVersion":3465}