{"stats":{"minecraft:dropped":{"minecraft:iron_ingot":2,"minecraft:birch_planks":37,"minecraft:cobbled_deepslate":128,"minecraft:cobblestone":489,"minecraft:rotten_flesh":3,"minecraft:granite":4,"minecraft:dirt":4,"royalvariations:royal_staff":1,"minecraft:andesite":5,"minecraft:iron_pickaxe":1},"minecraft:mined":{"minecraft:tuff":89,"minecraft:brown_mushroom":2,"minecraft:red_bed":4,"denseores:dense_deepslate_coal_ore":2,"minecraft:dark_oak_leaves":6,"minecraft:clay":64,"minecraft:torch":1,"minecraft:cave_vines_plant":2,"minecraft:granite":19,"minecraft:dark_oak_wood":1,"minecraft:grass_block":5,"minecraft:rose_bush":2,"minecraft:cobblestone":2,"denseores:dense_coal_ore":12,"minecraft:tall_grass":1,"minecraft:spruce_leaves":6,"minecraft:lapis_ore":5,"minecraft:moss_block":3,"minecraft:diorite":40,"minecraft:wall_torch":2,"powah:deepslate_uraninite_ore_poor":2,"minecraft:birch_planks":9,"minecraft:raw_gold_block":4,"minecraft:birch_log":185,"minecraft:iron_ore":66,"minecraft:spruce_log":42,"minecraft:andesite":5,"minecraft:birch_leaves":6,"minecraft:orange_tulip":3,"minecraft:deepslate_iron_ore":10,"minecraft:grass":1,"supplementaries:stick":1,"minecraft:red_tulip":1,"minecraft:oak_log":8,"minecraft:coal_ore":180,"minecraft:cave_vines":2,"minecraft:vine":3,"minecraft:flowering_azalea_leaves":1,"minecraft:dirt_path":2,"minecraft:dirt":7,"powah:uraninite_ore_poor":5,"minecraft:azalea_leaves":6,"minecraft:stone_bricks":3,"minecraft:stone":2352,"minecraft:gold_ore":36,"minecraft:deepslate":1026,"denseores:dense_iron_ore":10,"minecraft:fern":3},"minecraft:picked_up":{"minecraft:birch_log":184,"minecraft:clay_ball":256,"minecraft:andesite":10,"minecraft:brown_mushroom":2,"royalvariations:royal_staff":1,"minecraft:birch_planks":46,"minecraft:tuff":1,"minecraft:oak_log":8,"minecraft:red_bed":4,"minecraft:lapis_lazuli":34,"minecraft:dirt":15,"minecraft:bone":1,"minecraft:stone_bricks":3,"minecraft:orange_tulip":3,"minecraft:wheat_seeds":1,"minecraft:cobbled_deepslate":343,"minecraft:raw_gold":36,"minecraft:iron_ingot":2,"minecraft:rose_bush":2,"minecraft:iron_pickaxe":1,"minecraft:moss_block":2,"minecraft:birch_sapling":1,"minecraft:flowering_azalea":2,"minecraft:stick":7,"minecraft:raw_iron":108,"minecraft:raw_gold_block":4,"minecraft:big_dripleaf":3,"minecraft:torch":4,"minecraft:sand":5,"minecraft:stripped_spruce_log":1,"powah:uraninite_raw":7,"minecraft:spruce_sapling":5,"minecraft:diorite":40,"minecraft:carrot":2,"minecraft:spruce_log":42,"minecraft:arrow":2,"minecraft:rotten_flesh":7,"minecraft:granite":20,"minecraft:red_tulip":1,"supplementaries:ash":1,"minecraft:glow_berries":2,"minecraft:dark_oak_wood":1,"minecraft:coal":217,"minecraft:cobblestone":2318},"minecraft:killed":{"minecraft:skeleton":1,"royalvariations:royal_zombie":1,"minecraft:zombie":7},"minecraft:broken":{"minecraft:iron_axe":1,"minecraft:iron_pickaxe":15},"minecraft:crafted":{"minecraft:oak_planks":20,"minecraft:crafting_table":7,"minecraft:spruce_planks":60,"minecraft:baked_potato":30,"minecraft:iron_sword":1,"minecraft:furnace":7,"minecraft:stone":451,"minecraft:birch_planks":424,"minecraft:air":0,"minecraft:iron_axe":1,"minecraft:raw_gold":36,"minecraft:stick":60,"minecraft:iron_shovel":1,"minecraft:iron_ingot":53,"minecraft:iron_pickaxe":15,"minecraft:stone_pickaxe":1,"minecraft:stone_sword":1,"minecraft:chest":3,"minecraft:dark_oak_planks":4,"minecraft:torch":88,"minecraft:stone_bricks":388},"minecraft:custom":{"minecraft:interact_with_furnace":66,"lootr:looted_stat":7,"minecraft:mob_kills":10,"minecraft:interact_with_crafting_table":40,"minecraft:bell_ring":1,"minecraft:leave_game":1,"minecraft:time_since_death":71088,"minecraft:sleep_in_bed":2,"minecraft:climb_one_cm":2046,"minecraft:damage_resisted":18,"minecraft:time_since_rest":28261,"minecraft:sprint_one_cm":129012,"minecraft:damage_taken":2005,"minecraft:walk_one_cm":531854,"minecraft:drop":20,"minecraft:damage_dealt":2247,"minecraft:swim_one_cm":542,"minecraft:player_kills":1,"minecraft:fly_one_cm":170086,"minecraft:open_chest":18,"minecraft:deaths":1,"minecraft:crouch_one_cm":49087,"minecraft:play_time":132578,"minecraft:sneak_time":10476,"minecraft:walk_under_water_one_cm":12738,"minecraft:jump":1578,"minecraft:walk_on_water_one_cm":8731,"minecraft:total_world_time":132578,"minecraft:fall_one_cm":62662},"minecraft:killed_by":{"minecraft:player":1},"minecraft:used":{"minecraft:moss_block":1,"minecraft:diorite":2,"minecraft:stone_sword":18,"minecraft:iron_shovel":68,"minecraft:birch_planks":300,"minecraft:stone_pickaxe":122,"minecraft:baked_potato":29,"minecraft:orange_tulip":1,"minecraft:chest":3,"minecraft:spruce_planks":5,"minecraft:wooden_pickaxe":7,"minecraft:iron_sword":21,"minecraft:stick":1,"minecraft:torch":60,"minecraft:glow_berries":2,"minecraft:dirt":8,"minecraft:crafting_table":7,"minecraft:red_bed":4,"minecraft:tuff":1,"minecraft:granite":10,"minecraft:spruce_log":18,"minecraft:oak_log":3,"minecraft:bread":8,"minecraft:iron_axe":249,"minecraft:iron_pickaxe":3751,"minecraft:stone_bricks":373,"minecraft:cobblestone":93,"minecraft:sweet_berries":18,"minecraft:furnace":7,"minecraft:birch_log":54}},"DataVersion":3465}