{"stats":{"minecraft:mined":{"minecraft:brown_mushroom":2,"minecraft:raw_gold_block":4,"minecraft:iron_ore":15,"minecraft:spruce_log":1,"minecraft:orange_tulip":3,"minecraft:torch":1,"minecraft:cave_vines_plant":2,"minecraft:granite":11,"minecraft:red_tulip":1,"minecraft:oak_log":4,"minecraft:grass_block":5,"minecraft:coal_ore":87,"minecraft:cave_vines":2,"minecraft:dirt_path":1,"minecraft:rose_bush":2,"minecraft:dirt":2,"denseores:dense_coal_ore":6,"minecraft:azalea_leaves":4,"minecraft:spruce_leaves":2,"minecraft:stone":69,"minecraft:moss_block":1,"minecraft:gold_ore":30,"minecraft:diorite":4,"denseores:dense_iron_ore":2,"minecraft:fern":2},"minecraft:picked_up":{"minecraft:raw_iron":20,"minecraft:raw_gold_block":4,"minecraft:big_dripleaf":2,"minecraft:brown_mushroom":2,"minecraft:torch":2,"minecraft:oak_log":4,"minecraft:diorite":4,"minecraft:spruce_log":1,"minecraft:dirt":7,"minecraft:rotten_flesh":3,"minecraft:orange_tulip":3,"minecraft:raw_gold":30,"minecraft:granite":11,"minecraft:red_tulip":1,"minecraft:rose_bush":2,"minecraft:moss_block":1,"minecraft:glow_berries":2,"minecraft:flowering_azalea":2,"minecraft:coal":104,"minecraft:cobblestone":67},"minecraft:killed":{"minecraft:zombie":3},"minecraft:crafted":{"minecraft:oak_planks":16,"minecraft:raw_gold":36,"minecraft:crafting_table":3,"minecraft:spruce_planks":24,"minecraft:stick":24,"minecraft:iron_ingot":17,"minecraft:iron_pickaxe":1,"minecraft:stone_pickaxe":1,"minecraft:stone_sword":1,"minecraft:iron_sword":1,"minecraft:furnace":1,"minecraft:torch":24,"minecraft:air":0},"minecraft:custom":{"minecraft:time_since_rest":36991,"minecraft:interact_with_furnace":4,"lootr:looted_stat":3,"minecraft:sprint_one_cm":15848,"minecraft:damage_taken":515,"minecraft:walk_one_cm":142609,"minecraft:mob_kills":4,"minecraft:damage_dealt":939,"minecraft:interact_with_crafting_table":7,"minecraft:fly_one_cm":16569,"minecraft:crouch_one_cm":1532,"minecraft:play_time":36991,"minecraft:sneak_time":403,"minecraft:walk_under_water_one_cm":6013,"minecraft:jump":357,"minecraft:walk_on_water_one_cm":2502,"minecraft:time_since_death":36991,"minecraft:total_world_time":36991,"minecraft:climb_one_cm":791,"minecraft:fall_one_cm":11553},"minecraft:used":{"minecraft:diorite":2,"minecraft:stone_sword":18,"minecraft:bread":4,"minecraft:stone_pickaxe":122,"minecraft:iron_pickaxe":110,"minecraft:orange_tulip":1,"minecraft:spruce_planks":5,"minecraft:wooden_pickaxe":7,"minecraft:torch":18,"minecraft:glow_berries":2,"minecraft:dirt":6,"minecraft:cobblestone":15,"minecraft:sweet_berries":16,"minecraft:crafting_table":2,"minecraft:furnace":1,"minecraft:granite":9}},"DataVersion":3465}