{"stats":{"minecraft:used":{"minecraft:moss_block":1,"minecraft:iron_bars":48,"minecraft:stone_sword":18,"minecraft:iron_shovel":68,"minecraft:chest":3,"minecraft:spruce_planks":147,"minecraft:iron_sword":21,"minecraft:stick":1,"minecraft:torch":69,"minecraft:dirt":14,"minecraft:spruce_stairs":29,"minecraft:tuff":1,"minecraft:granite":10,"minecraft:birch_door":2,"minecraft:bricks":16,"minecraft:iron_axe":340,"minecraft:stone_bricks":405,"minecraft:sweet_berries":18,"minecraft:furnace":7,"minecraft:cobbled_deepslate":121,"minecraft:diorite":2,"minecraft:birch_planks":300,"minecraft:stone_pickaxe":254,"minecraft:baked_potato":29,"minecraft:orange_tulip":1,"minecraft:wooden_pickaxe":7,"minecraft:glow_berries":2,"minecraft:crafting_table":7,"minecraft:red_bed":4,"minecraft:spruce_log":18,"minecraft:oak_log":3,"minecraft:bread":8,"minecraft:iron_pickaxe":3751,"minecraft:spruce_pressure_plate":2,"minecraft:cobblestone":93,"minecraft:birch_log":54},"minecraft:crafted":{"minecraft:brick":64,"minecraft:oak_planks":20,"minecraft:furnace":7,"minecraft:stone":504,"minecraft:spruce_pressure_plate":2,"minecraft:iron_bars":48,"minecraft:spruce_stairs":12,"minecraft:iron_axe":2,"minecraft:stone_pickaxe":2,"minecraft:chest":3,"minecraft:birch_door":3,"minecraft:bricks":16,"minecraft:dark_oak_planks":4,"minecraft:stone_bricks":388,"minecraft:crafting_table":7,"minecraft:spruce_planks":308,"minecraft:baked_potato":30,"minecraft:iron_sword":1,"minecraft:birch_planks":424,"minecraft:air":0,"minecraft:raw_gold":36,"minecraft:stick":64,"minecraft:iron_ingot":105,"minecraft:iron_pickaxe":15,"minecraft:stone_sword":1,"minecraft:iron_shovel":1,"minecraft:torch":88},"minecraft:killed":{"minecraft:skeleton":1,"royalvariations:royal_zombie":1,"minecraft:zombie":7},"minecraft:broken":{"minecraft:stone_pickaxe":1,"minecraft:iron_axe":1,"minecraft:iron_pickaxe":15},"minecraft:picked_up":{"minecraft:clay_ball":256,"minecraft:brown_mushroom":2,"royalvariations:royal_staff":1,"minecraft:moss_carpet":2,"minecraft:red_bed":4,"minecraft:cobbled_deepslate":357,"minecraft:spruce_planks":35,"minecraft:rose_bush":2,"minecraft:iron_pickaxe":1,"minecraft:birch_sapling":1,"minecraft:raw_iron":108,"minecraft:stick":10,"minecraft:stone":27,"minecraft:raw_gold_block":4,"minecraft:big_dripleaf":3,"minecraft:torch":8,"minecraft:spruce_stairs":21,"minecraft:diorite":40,"minecraft:carrot":2,"minecraft:rotten_flesh":7,"minecraft:arrow":2,"minecraft:red_tulip":1,"supplementaries:ash":1,"minecraft:glow_berries":2,"minecraft:cobblestone":2393,"minecraft:birch_log":184,"minecraft:andesite":12,"minecraft:birch_planks":104,"minecraft:tuff":1,"minecraft:oak_log":8,"minecraft:lapis_lazuli":34,"minecraft:dirt":21,"minecraft:bone":1,"minecraft:stone_bricks":61,"minecraft:orange_tulip":3,"minecraft:wheat_seeds":1,"minecraft:raw_gold":36,"minecraft:stone_pickaxe":1,"minecraft:iron_ingot":2,"minecraft:moss_block":8,"minecraft:flowering_azalea":5,"minecraft:iron_sword":1,"minecraft:book":18,"minecraft:sand":5,"powah:uraninite_raw":7,"minecraft:stripped_spruce_log":1,"minecraft:spruce_sapling":5,"minecraft:spruce_log":82,"minecraft:granite":20,"minecraft:oak_sapling":1,"minecraft:coal":221,"minecraft:dark_oak_wood":1},"minecraft:custom":{"lootr:looted_stat":11,"minecraft:mob_kills":10,"minecraft:interact_with_crafting_table":49,"minecraft:bell_ring":1,"minecraft:leave_game":2,"minecraft:time_since_death":36397,"minecraft:climb_one_cm":2046,"minecraft:damage_resisted":18,"minecraft:sprint_one_cm":167971,"minecraft:walk_one_cm":658573,"minecraft:drop":36,"minecraft:play_time":180964,"minecraft:deaths":5,"minecraft:sneak_time":14459,"minecraft:walk_under_water_one_cm":20315,"minecraft:jump":1864,"minecraft:walk_on_water_one_cm":9085,"minecraft:total_world_time":180964,"minecraft:interact_with_furnace":78,"minecraft:interact_with_stonecutter":1,"minecraft:sleep_in_bed":3,"minecraft:time_since_rest":36422,"minecraft:damage_taken":3115,"minecraft:damage_dealt":2247,"minecraft:swim_one_cm":542,"minecraft:fly_one_cm":204760,"minecraft:player_kills":1,"minecraft:open_chest":28,"minecraft:crouch_one_cm":68592,"minecraft:fall_one_cm":74698},"minecraft:killed_by":{"minecraft:player":1},"minecraft:mined":{"minecraft:tuff":89,"minecraft:spruce_planks":33,"minecraft:dark_oak_leaves":6,"minecraft:cave_vines_plant":2,"minecraft:granite":19,"minecraft:grass_block":7,"minecraft:spruce_leaves":9,"minecraft:moss_block":6,"minecraft:raw_gold_block":4,"minecraft:iron_ore":66,"minecraft:andesite":6,"minecraft:moss_carpet":1,"minecraft:vine":3,"minecraft:red_tulip":1,"minecraft:bookshelf":6,"supplementaries:stick":1,"minecraft:deepslate_iron_ore":10,"minecraft:cave_vines":2,"minecraft:flowering_azalea_leaves":1,"minecraft:dirt_path":2,"powah:uraninite_ore_poor":5,"minecraft:azalea_leaves":6,"minecraft:stone":2420,"minecraft:flowering_azalea":1,"minecraft:brown_mushroom":2,"minecraft:red_bed":4,"denseores:dense_deepslate_coal_ore":2,"minecraft:clay":64,"minecraft:torch":4,"minecraft:dark_oak_wood":1,"minecraft:rose_bush":2,"minecraft:cobblestone":2,"denseores:dense_coal_ore":12,"minecraft:tall_grass":1,"minecraft:lapis_ore":5,"minecraft:diorite":40,"minecraft:wall_torch":3,"powah:deepslate_uraninite_ore_poor":2,"minecraft:spruce_stairs":21,"minecraft:birch_planks":9,"minecraft:birch_log":185,"minecraft:spruce_log":82,"minecraft:birch_leaves":6,"minecraft:orange_tulip":3,"minecraft:grass":1,"minecraft:oak_log":8,"minecraft:coal_ore":182,"minecraft:dirt":11,"minecraft:stone_bricks":61,"minecraft:gold_ore":36,"denseores:dense_iron_ore":10,"minecraft:deepslate":1026,"minecraft:fern":3},"minecraft:dropped":{"minecraft:iron_ingot":2,"minecraft:iron_sword":1,"minecraft:moss_block":3,"minecraft:birch_planks":95,"minecraft:cobblestone":492,"enigmaticgraves:grave_finder":1,"minecraft:granite":6,"minecraft:flint":2,"minecraft:dirt":4,"minecraft:flowering_azalea":2,"minecraft:iron_pickaxe":1,"minecraft:bone":1,"minecraft:cobbled_deepslate":256,"minecraft:rotten_flesh":3,"royalvariations:royal_staff":1,"minecraft:stone":27,"minecraft:andesite":5,"minecraft:birch_door":1,"minecraft:oak_sapling":1,"minecraft:arrow":2}},"DataVersion":3465}