{"stats":{"minecraft:used":{"minecraft:spruce_door":2,"minecraft:stone_pickaxe":539,"minecraft:baked_potato":7,"minecraft:oak_planks":32,"minecraft:chest":2,"minecraft:spruce_planks":385,"minecraft:wooden_pickaxe":65,"minecraft:blue_bed":2,"minecraft:leather_boots":1,"minecraft:torch":29,"minecraft:dirt":22,"minecraft:crafting_table":4,"minecraft:red_mushroom":2,"minecraft:granite":50,"enderio:dark_steel_sword":30,"minecraft:wooden_axe":53,"minecraft:gravel":1,"minecraft:spruce_sapling":2,"minecraft:stone_axe":142,"minecraft:cobblestone":108,"minecraft:furnace":1,"minecraft:cooked_beef":4,"minecraft:pumpkin":2},"minecraft:crafted":{"minecraft:cooked_beef":6,"minecraft:oak_planks":32,"minecraft:leather_boots":1,"minecraft:crafting_table":2,"minecraft:spruce_planks":444,"minecraft:baked_potato":9,"minecraft:wooden_pickaxe":1,"minecraft:iron_helmet":1,"minecraft:spruce_door":3,"minecraft:furnace":1,"minecraft:stone_axe":3,"minecraft:air":0,"minecraft:iron_chestplate":1,"minecraft:stick":44,"minecraft:iron_ingot":36,"minecraft:stone_pickaxe":5,"minecraft:wooden_axe":2,"minecraft:chest":2,"enderio:dark_steel_sword":1,"minecraft:torch":44},"minecraft:killed":{"minecraft:wolf":1,"minecraft:spider":2,"royalvariations:royal_zombie":1,"minecraft:skeleton":2,"minecraft:zombie":6,"minecraft:cow":4},"minecraft:picked_up":{"minecraft:crafting_table":3,"minecraft:leather":6,"minecraft:brown_mushroom":2,"minecraft:red_mushroom":2,"royalvariations:royal_staff":1,"minecraft:potato":1,"minecraft:oak_log":6,"minecraft:blue_bed":2,"minecraft:dirt":35,"minecraft:string":2,"minecraft:bone":2,"minecraft:orange_tulip":1,"minecraft:wheat_seeds":2,"minecraft:spruce_planks":39,"minecraft:spruce_wood":34,"minecraft:beef":6,"minecraft:stone_pickaxe":1,"minecraft:dark_oak_sapling":1,"minecraft:stick":4,"minecraft:raw_iron":66,"simplefarming:rice_seeds":1,"minecraft:pumpkin":3,"minecraft:torch":6,"minecraft:spruce_sapling":2,"minecraft:spruce_log":73,"minecraft:spruce_door":2,"minecraft:spider_eye":1,"minecraft:oak_wood":2,"minecraft:arrow":3,"minecraft:rotten_flesh":12,"minecraft:granite":88,"minecraft:baked_potato":1,"minecraft:oak_sapling":3,"minecraft:coal":193,"minecraft:cobblestone":179},"minecraft:broken":{"minecraft:stone_pickaxe":4,"minecraft:stone_axe":1,"minecraft:wooden_axe":1,"minecraft:wooden_pickaxe":1},"minecraft:custom":{"lootr:looted_stat":3,"minecraft:interact_with_furnace":23,"minecraft:mob_kills":16,"minecraft:interact_with_crafting_table":23,"minecraft:leave_game":8,"minecraft:time_since_death":76592,"minecraft:sleep_in_bed":3,"minecraft:climb_one_cm":84,"minecraft:time_since_rest":15394,"minecraft:sprint_one_cm":105263,"minecraft:damage_taken":862,"minecraft:walk_one_cm":316471,"minecraft:drop":12,"minecraft:damage_dealt":2970,"minecraft:fly_one_cm":46773,"minecraft:open_chest":19,"minecraft:crouch_one_cm":19919,"minecraft:play_time":103552,"minecraft:deaths":1,"minecraft:sneak_time":5724,"minecraft:jump":644,"minecraft:total_world_time":103552,"minecraft:fall_one_cm":12036},"minecraft:mined":{"minecraft:spruce_planks":39,"minecraft:brown_mushroom":2,"minecraft:dark_oak_leaves":5,"minecraft:spruce_door":2,"minecraft:crafting_table":3,"minecraft:torch":1,"minecraft:granite":151,"minecraft:oak_wood":2,"minecraft:grass_block":18,"minecraft:tall_grass":2,"denseores:dense_coal_ore":5,"minecraft:cobblestone":2,"minecraft:spruce_leaves":55,"minecraft:red_mushroom":2,"minecraft:diorite":12,"minecraft:blue_bed":2,"minecraft:wall_torch":6,"minecraft:iron_ore":58,"minecraft:spruce_log":73,"minecraft:andesite":1,"minecraft:pumpkin":3,"minecraft:grass":4,"minecraft:oak_log":6,"minecraft:coal_ore":174,"minecraft:dirt":2,"minecraft:spruce_wood":34,"minecraft:stone":179,"minecraft:oak_leaves":78,"denseores:dense_iron_ore":4,"minecraft:fern":5},"minecraft:dropped":{"minecraft:brown_mushroom":2,"minecraft:wheat_seeds":1,"minecraft:baked_potato":1,"minecraft:orange_tulip":1,"minecraft:oak_sapling":2,"simplefarming:rice_seeds":1,"minecraft:stone_pickaxe":1,"minecraft:spruce_sapling":3}},"DataVersion":3465}