{"stats":{"minecraft:picked_up":{"minecraft:spruce_log":6},"minecraft:mined":{"minecraft:spruce_log":6,"minecraft:spruce_leaves":14,"minecraft:oak_leaves":4},"minecraft:crafted":{"minecraft:crafting_table":1,"minecraft:spruce_planks":24},"minecraft:custom":{"minecraft:jump":85,"minecraft:time_since_rest":22175,"minecraft:leave_game":7,"minecraft:play_time":22175,"minecraft:sprint_one_cm":10278,"minecraft:damage_taken":10,"minecraft:time_since_death":22175,"minecraft:walk_one_cm":28180,"minecraft:sneak_time":14,"minecraft:climb_one_cm":84,"minecraft:total_world_time":22175,"minecraft:fall_one_cm":2067,"minecraft:fly_one_cm":10628}},"DataVersion":3465}