{"stats":{"minecraft:used":{"minecraft:wooden_axe":48,"minecraft:spruce_planks":1,"minecraft:wooden_pickaxe":65,"minecraft:spruce_sapling":2,"minecraft:gravel":1,"minecraft:torch":8,"minecraft:dirt":6,"minecraft:crafting_table":4,"minecraft:red_mushroom":2,"minecraft:granite":1,"minecraft:pumpkin":2},"minecraft:crafted":{"minecraft:crafting_table":2,"minecraft:wooden_pickaxe":1,"minecraft:spruce_planks":184,"minecraft:stick":28,"minecraft:stone_pickaxe":1,"minecraft:wooden_axe":2,"minecraft:torch":24,"minecraft:stone_axe":1},"minecraft:killed":{"minecraft:wolf":1,"minecraft:cow":4},"minecraft:broken":{"minecraft:wooden_pickaxe":1},"minecraft:picked_up":{"simplefarming:rice_seeds":1,"minecraft:stick":2,"minecraft:crafting_table":3,"minecraft:pumpkin":3,"minecraft:leather":6,"minecraft:brown_mushroom":2,"minecraft:red_mushroom":2,"minecraft:spruce_sapling":1,"minecraft:spruce_log":42,"minecraft:blue_bed":1,"minecraft:dirt":6,"minecraft:oak_wood":1,"minecraft:wheat_seeds":1,"minecraft:orange_tulip":1,"minecraft:beef":6,"minecraft:granite":1,"minecraft:oak_sapling":2,"minecraft:coal":34,"minecraft:cobblestone":25},"minecraft:custom":{"minecraft:time_since_rest":11521,"minecraft:sprint_one_cm":34910,"lootr:looted_stat":3,"minecraft:damage_taken":285,"minecraft:walk_one_cm":98601,"minecraft:mob_kills":5,"minecraft:drop":3,"minecraft:damage_dealt":477,"minecraft:fly_one_cm":22032,"minecraft:interact_with_crafting_table":5,"minecraft:crouch_one_cm":1721,"minecraft:play_time":38419,"minecraft:deaths":1,"minecraft:sneak_time":650,"minecraft:jump":188,"minecraft:leave_game":7,"minecraft:time_since_death":11459,"minecraft:total_world_time":38419,"minecraft:climb_one_cm":84,"minecraft:fall_one_cm":4651},"minecraft:mined":{"minecraft:brown_mushroom":2,"minecraft:spruce_log":42,"minecraft:pumpkin":3,"minecraft:crafting_table":3,"minecraft:granite":3,"minecraft:grass":3,"minecraft:oak_wood":1,"minecraft:grass_block":6,"minecraft:coal_ore":34,"minecraft:spruce_leaves":43,"minecraft:stone":25,"minecraft:red_mushroom":2,"minecraft:oak_leaves":23,"minecraft:blue_bed":1,"minecraft:fern":5},"minecraft:dropped":{"minecraft:oak_sapling":2,"minecraft:orange_tulip":1}},"DataVersion":3465}