{"stats":{"minecraft:used":{"minecraft:spruce_door":2,"minecraft:stone_pickaxe":263,"minecraft:baked_potato":2,"minecraft:oak_planks":32,"minecraft:chest":2,"minecraft:spruce_planks":340,"minecraft:wooden_pickaxe":65,"minecraft:leather_boots":1,"minecraft:blue_bed":2,"minecraft:torch":23,"minecraft:dirt":22,"minecraft:crafting_table":4,"minecraft:red_mushroom":2,"minecraft:granite":50,"enderio:dark_steel_sword":6,"minecraft:wooden_axe":51,"minecraft:gravel":1,"minecraft:spruce_sapling":2,"minecraft:stone_axe":114,"minecraft:cobblestone":18,"minecraft:furnace":1,"minecraft:cooked_beef":4,"minecraft:pumpkin":2},"minecraft:crafted":{"minecraft:cooked_beef":6,"minecraft:oak_planks":32,"minecraft:leather_boots":1,"minecraft:crafting_table":2,"minecraft:spruce_planks":396,"minecraft:iron_helmet":1,"minecraft:baked_potato":9,"minecraft:wooden_pickaxe":1,"minecraft:spruce_door":3,"minecraft:furnace":1,"minecraft:stone_axe":1,"minecraft:air":0,"minecraft:iron_chestplate":1,"minecraft:stick":44,"minecraft:iron_ingot":36,"minecraft:stone_pickaxe":3,"minecraft:wooden_axe":2,"minecraft:chest":2,"enderio:dark_steel_sword":1,"minecraft:torch":24},"minecraft:killed":{"minecraft:wolf":1,"minecraft:spider":2,"minecraft:skeleton":1,"minecraft:zombie":1,"minecraft:cow":4},"minecraft:picked_up":{"minecraft:crafting_table":3,"minecraft:leather":6,"minecraft:brown_mushroom":2,"minecraft:red_mushroom":2,"minecraft:oak_log":6,"minecraft:string":2,"minecraft:dirt":23,"minecraft:blue_bed":2,"minecraft:orange_tulip":1,"minecraft:wheat_seeds":1,"minecraft:spruce_wood":34,"minecraft:spruce_planks":32,"minecraft:beef":6,"minecraft:stone_pickaxe":1,"minecraft:stick":4,"minecraft:raw_iron":36,"simplefarming:rice_seeds":1,"minecraft:pumpkin":3,"minecraft:torch":6,"minecraft:spruce_sapling":2,"minecraft:spruce_log":61,"minecraft:spruce_door":2,"minecraft:spider_eye":1,"minecraft:oak_wood":2,"minecraft:arrow":2,"minecraft:rotten_flesh":2,"minecraft:granite":68,"minecraft:baked_potato":1,"minecraft:oak_sapling":3,"minecraft:coal":121,"minecraft:cobblestone":92},"minecraft:broken":{"minecraft:stone_pickaxe":2,"minecraft:wooden_pickaxe":1},"minecraft:custom":{"lootr:looted_stat":3,"minecraft:interact_with_furnace":22,"minecraft:mob_kills":9,"minecraft:interact_with_crafting_table":21,"minecraft:leave_game":8,"minecraft:time_since_death":51932,"minecraft:sleep_in_bed":2,"minecraft:climb_one_cm":84,"minecraft:time_since_rest":5859,"minecraft:sprint_one_cm":78460,"minecraft:damage_taken":665,"minecraft:walk_one_cm":253751,"minecraft:drop":12,"minecraft:damage_dealt":1267,"minecraft:fly_one_cm":36873,"minecraft:open_chest":16,"minecraft:crouch_one_cm":10345,"minecraft:play_time":78892,"minecraft:deaths":1,"minecraft:sneak_time":2830,"minecraft:jump":482,"minecraft:total_world_time":78892,"minecraft:fall_one_cm":8824},"minecraft:mined":{"minecraft:spruce_planks":32,"minecraft:brown_mushroom":2,"minecraft:spruce_door":2,"minecraft:crafting_table":3,"minecraft:torch":1,"minecraft:granite":77,"minecraft:oak_wood":2,"minecraft:grass_block":7,"denseores:dense_coal_ore":3,"minecraft:spruce_leaves":49,"minecraft:red_mushroom":2,"minecraft:diorite":12,"minecraft:wall_torch":5,"minecraft:blue_bed":2,"minecraft:iron_ore":28,"minecraft:spruce_log":61,"minecraft:pumpkin":3,"minecraft:grass":4,"minecraft:oak_log":6,"minecraft:coal_ore":109,"minecraft:dirt":1,"minecraft:spruce_wood":34,"minecraft:stone":84,"minecraft:oak_leaves":78,"denseores:dense_iron_ore":4,"minecraft:fern":5},"minecraft:dropped":{"minecraft:brown_mushroom":2,"minecraft:wheat_seeds":1,"minecraft:baked_potato":1,"minecraft:orange_tulip":1,"minecraft:oak_sapling":2,"simplefarming:rice_seeds":1,"minecraft:stone_pickaxe":1,"minecraft:spruce_sapling":3}},"DataVersion":3465}