{"stats":{"minecraft:used":{"minecraft:stone_pickaxe":133,"minecraft:oak_planks":4,"minecraft:chest":2,"minecraft:spruce_planks":122,"minecraft:wooden_pickaxe":65,"minecraft:torch":11,"minecraft:dirt":6,"minecraft:crafting_table":4,"minecraft:red_mushroom":2,"minecraft:granite":1,"enderio:dark_steel_sword":1,"minecraft:wooden_axe":48,"minecraft:gravel":1,"minecraft:spruce_sapling":2,"minecraft:stone_axe":22,"minecraft:furnace":1,"minecraft:cooked_beef":3,"minecraft:pumpkin":2},"minecraft:crafted":{"minecraft:cooked_beef":6,"minecraft:oak_planks":4,"minecraft:crafting_table":2,"minecraft:spruce_planks":368,"minecraft:baked_potato":9,"minecraft:wooden_pickaxe":1,"minecraft:furnace":1,"minecraft:stone_axe":1,"minecraft:air":0,"minecraft:stick":44,"minecraft:stone_pickaxe":2,"minecraft:wooden_axe":2,"minecraft:chest":2,"enderio:dark_steel_sword":1,"minecraft:torch":24},"minecraft:killed":{"minecraft:wolf":1,"minecraft:spider":2,"minecraft:skeleton":1,"minecraft:cow":4},"minecraft:picked_up":{"minecraft:crafting_table":3,"minecraft:leather":6,"minecraft:brown_mushroom":2,"minecraft:red_mushroom":2,"minecraft:string":2,"minecraft:dirt":6,"minecraft:blue_bed":1,"minecraft:orange_tulip":1,"minecraft:wheat_seeds":1,"minecraft:spruce_wood":34,"minecraft:spruce_planks":3,"minecraft:beef":6,"minecraft:stick":2,"minecraft:raw_iron":12,"simplefarming:rice_seeds":1,"minecraft:pumpkin":3,"minecraft:torch":2,"minecraft:spruce_sapling":1,"minecraft:spruce_log":54,"minecraft:spider_eye":1,"minecraft:oak_wood":1,"minecraft:arrow":2,"minecraft:granite":65,"minecraft:oak_sapling":2,"minecraft:coal":89,"minecraft:cobblestone":37},"minecraft:broken":{"minecraft:stone_pickaxe":1,"minecraft:wooden_pickaxe":1},"minecraft:custom":{"lootr:looted_stat":3,"minecraft:interact_with_furnace":10,"minecraft:mob_kills":8,"minecraft:interact_with_crafting_table":13,"minecraft:leave_game":7,"minecraft:time_since_death":23459,"minecraft:climb_one_cm":84,"minecraft:time_since_rest":23521,"minecraft:sprint_one_cm":41086,"minecraft:damage_taken":515,"minecraft:walk_one_cm":146677,"minecraft:drop":10,"minecraft:damage_dealt":1067,"minecraft:fly_one_cm":26469,"minecraft:open_chest":1,"minecraft:crouch_one_cm":5640,"minecraft:play_time":50419,"minecraft:deaths":1,"minecraft:sneak_time":1608,"minecraft:jump":277,"minecraft:total_world_time":50419,"minecraft:fall_one_cm":5725},"minecraft:mined":{"minecraft:spruce_planks":3,"minecraft:brown_mushroom":2,"minecraft:crafting_table":3,"minecraft:torch":1,"minecraft:granite":74,"minecraft:oak_wood":1,"minecraft:grass_block":6,"minecraft:spruce_leaves":43,"minecraft:red_mushroom":2,"minecraft:wall_torch":1,"minecraft:blue_bed":1,"minecraft:spruce_log":54,"minecraft:pumpkin":3,"minecraft:grass":3,"minecraft:coal_ore":88,"minecraft:spruce_wood":34,"minecraft:stone":29,"minecraft:oak_leaves":23,"denseores:dense_iron_ore":4,"minecraft:fern":5},"minecraft:dropped":{"minecraft:brown_mushroom":2,"minecraft:wheat_seeds":1,"minecraft:orange_tulip":1,"minecraft:oak_sapling":2,"simplefarming:rice_seeds":1,"minecraft:spruce_sapling":3}},"DataVersion":3465}