{"stats":{"minecraft:used":{"minecraft:stone_pickaxe":171,"minecraft:baked_potato":1,"minecraft:oak_planks":4,"minecraft:chest":2,"minecraft:spruce_planks":273,"minecraft:wooden_pickaxe":65,"minecraft:leather_boots":1,"minecraft:blue_bed":2,"minecraft:torch":17,"minecraft:dirt":18,"minecraft:crafting_table":4,"minecraft:red_mushroom":2,"minecraft:granite":16,"enderio:dark_steel_sword":6,"minecraft:wooden_axe":49,"minecraft:gravel":1,"minecraft:spruce_sapling":2,"minecraft:stone_axe":29,"minecraft:cobblestone":18,"minecraft:furnace":1,"minecraft:cooked_beef":4,"minecraft:pumpkin":2},"minecraft:crafted":{"minecraft:cooked_beef":6,"minecraft:oak_planks":4,"minecraft:leather_boots":1,"minecraft:crafting_table":2,"minecraft:spruce_planks":368,"minecraft:iron_helmet":1,"minecraft:baked_potato":9,"minecraft:wooden_pickaxe":1,"minecraft:furnace":1,"minecraft:stone_axe":1,"minecraft:air":0,"minecraft:iron_chestplate":1,"minecraft:stick":44,"minecraft:iron_ingot":14,"minecraft:stone_pickaxe":2,"minecraft:wooden_axe":2,"minecraft:chest":2,"enderio:dark_steel_sword":1,"minecraft:torch":24},"minecraft:killed":{"minecraft:wolf":1,"minecraft:spider":2,"minecraft:skeleton":1,"minecraft:zombie":1,"minecraft:cow":4},"minecraft:picked_up":{"minecraft:crafting_table":3,"minecraft:leather":6,"minecraft:brown_mushroom":2,"minecraft:red_mushroom":2,"minecraft:string":2,"minecraft:dirt":22,"minecraft:blue_bed":2,"minecraft:orange_tulip":1,"minecraft:wheat_seeds":1,"minecraft:spruce_wood":34,"minecraft:spruce_planks":11,"minecraft:beef":6,"minecraft:stone_pickaxe":1,"minecraft:stick":2,"minecraft:raw_iron":23,"simplefarming:rice_seeds":1,"minecraft:pumpkin":3,"minecraft:torch":3,"minecraft:spruce_sapling":2,"minecraft:spruce_log":54,"minecraft:spider_eye":1,"minecraft:oak_wood":1,"minecraft:arrow":2,"minecraft:rotten_flesh":2,"minecraft:granite":67,"minecraft:oak_sapling":2,"minecraft:coal":110,"minecraft:cobblestone":37},"minecraft:broken":{"minecraft:stone_pickaxe":1,"minecraft:wooden_pickaxe":1},"minecraft:custom":{"lootr:looted_stat":3,"minecraft:interact_with_furnace":17,"minecraft:mob_kills":9,"minecraft:interact_with_crafting_table":17,"minecraft:leave_game":7,"minecraft:time_since_death":35459,"minecraft:sleep_in_bed":1,"minecraft:climb_one_cm":84,"minecraft:time_since_rest":4776,"minecraft:sprint_one_cm":55074,"minecraft:damage_taken":665,"minecraft:walk_one_cm":196291,"minecraft:drop":11,"minecraft:damage_dealt":1267,"minecraft:fly_one_cm":28976,"minecraft:open_chest":10,"minecraft:crouch_one_cm":8061,"minecraft:play_time":62419,"minecraft:deaths":1,"minecraft:sneak_time":2275,"minecraft:jump":357,"minecraft:total_world_time":62419,"minecraft:fall_one_cm":7328},"minecraft:mined":{"minecraft:spruce_planks":11,"minecraft:brown_mushroom":2,"minecraft:crafting_table":3,"minecraft:torch":1,"minecraft:granite":76,"minecraft:oak_wood":1,"minecraft:grass_block":6,"minecraft:spruce_leaves":45,"minecraft:red_mushroom":2,"minecraft:wall_torch":2,"minecraft:blue_bed":2,"minecraft:iron_ore":15,"minecraft:spruce_log":54,"minecraft:pumpkin":3,"minecraft:grass":3,"minecraft:coal_ore":109,"minecraft:dirt":1,"minecraft:spruce_wood":34,"minecraft:stone":29,"minecraft:oak_leaves":23,"denseores:dense_iron_ore":4,"minecraft:fern":5},"minecraft:dropped":{"minecraft:brown_mushroom":2,"minecraft:wheat_seeds":1,"minecraft:orange_tulip":1,"minecraft:oak_sapling":2,"simplefarming:rice_seeds":1,"minecraft:stone_pickaxe":1,"minecraft:spruce_sapling":3}},"DataVersion":3465}