{"stats":{"minecraft:used":{"minecraft:wooden_axe":4,"minecraft:dirt":2,"minecraft:crafting_table":1,"minecraft:red_mushroom":2,"minecraft:wooden_pickaxe":6},"minecraft:crafted":{"minecraft:crafting_table":1,"minecraft:spruce_planks":24,"minecraft:stick":16,"minecraft:wooden_axe":1},"minecraft:picked_up":{"minecraft:crafting_table":1,"minecraft:red_mushroom":2,"minecraft:granite":1,"minecraft:spruce_log":6,"minecraft:dirt":6},"minecraft:custom":{"minecraft:time_since_rest":26419,"minecraft:crouch_one_cm":906,"minecraft:sprint_one_cm":19688,"minecraft:play_time":26419,"minecraft:damage_taken":20,"minecraft:walk_one_cm":43874,"minecraft:sneak_time":376,"minecraft:jump":114,"minecraft:damage_dealt":7,"minecraft:leave_game":7,"minecraft:time_since_death":26419,"minecraft:climb_one_cm":84,"minecraft:total_world_time":26419,"minecraft:interact_with_crafting_table":1,"minecraft:fall_one_cm":2611,"minecraft:fly_one_cm":15454},"minecraft:mined":{"minecraft:granite":3,"minecraft:grass_block":6,"minecraft:spruce_leaves":17,"minecraft:spruce_log":6,"minecraft:red_mushroom":2,"minecraft:oak_leaves":4,"minecraft:crafting_table":1}},"DataVersion":3465}