{"stats":{"minecraft:dropped":{"minecraft:stripped_spruce_log":1,"minecraft:wheat_seeds":1,"minecraft:cobbled_deepslate":5,"minecraft:mossy_cobblestone":2,"minecraft:pointed_dripstone":3,"minecraft:cobblestone":2,"minecraft:granite":28,"minecraft:spruce_stairs":7,"simplefarming:broccoli_seeds":1,"minecraft:dirt":107,"minecraft:spruce_planks":16,"minecraft:andesite":34,"minecraft:chest":1,"minecraft:oak_sapling":2,"minecraft:spruce_log":2,"minecraft:sand":5,"minecraft:wooden_pickaxe":1,"minecraft:iron_shovel":2},"minecraft:mined":{"minecraft:spruce_planks":32,"minecraft:glass_pane":6,"lootr:lootr_chest":2,"minecraft:mossy_cobblestone":13,"minecraft:dark_oak_leaves":74,"minecraft:dandelion":1,"minecraft:crafting_table":2,"minecraft:spruce_trapdoor":8,"minecraft:torch":7,"minecraft:granite":52,"minecraft:dark_oak_wood":2,"minecraft:oak_wood":11,"minecraft:grass_block":248,"minecraft:chest":2,"minecraft:campfire":1,"denseores:dense_coal_ore":10,"minecraft:tall_grass":4,"minecraft:cobblestone":105,"minecraft:spruce_leaves":40,"denseores:dense_deepslate_iron_ore":3,"minecraft:diorite":3,"minecraft:blue_bed":1,"minecraft:wall_torch":6,"minecraft:spruce_stairs":8,"minecraft:purple_bed":1,"minecraft:furnace":1,"minecraft:iron_ore":13,"minecraft:spruce_log":206,"minecraft:andesite":50,"minecraft:stripped_spruce_log":1,"minecraft:pumpkin":9,"minecraft:orange_tulip":1,"minecraft:dirt_path":20,"minecraft:grass":8,"minecraft:pointed_dripstone":1,"supplementaries:stick":1,"minecraft:coal_ore":14,"minecraft:vine":3,"minecraft:deepslate_iron_ore":20,"minecraft:gravel":6,"minecraft:dirt":277,"minecraft:spruce_wood":37,"minecraft:stone":474,"minecraft:oak_leaves":137,"minecraft:deepslate":13,"minecraft:fern":6},"minecraft:picked_up":{"minecraft:birch_log":1,"minecraft:charcoal":2,"minecraft:crafting_table":2,"minecraft:andesite":48,"minecraft:brown_mushroom":1,"royalvariations:royal_staff":1,"simplefarming:broccoli_seeds":2,"minecraft:dirt":469,"minecraft:armor_stand":1,"minecraft:iron_shovel":2,"minecraft:orange_tulip":1,"minecraft:wheat_seeds":3,"minecraft:cobbled_deepslate":18,"simplefarming:honeydew_seeds":1,"minecraft:spruce_planks":41,"minecraft:chest":5,"minecraft:spruce_trapdoor":8,"minecraft:furnace":1,"minecraft:dark_oak_sapling":4,"minecraft:stick":16,"minecraft:raw_iron":41,"minecraft:pumpkin":9,"minecraft:torch":21,"minecraft:dandelion":1,"minecraft:spruce_stairs":15,"minecraft:stripped_spruce_log":1,"minecraft:spruce_sapling":11,"minecraft:pointed_dripstone":3,"minecraft:diorite":3,"minecraft:spruce_log":206,"minecraft:spruce_door":3,"minecraft:mossy_cobblestone":12,"minecraft:purple_bed":1,"minecraft:oak_wood":9,"minecraft:rotten_flesh":3,"minecraft:granite":29,"minecraft:oak_sapling":6,"minecraft:dark_oak_wood":1,"minecraft:coal":70,"minecraft:cobblestone":480},"minecraft:killed":{"minecraft:zombie":2},"minecraft:crafted":{"minecraft:oak_planks":4,"sophisticatedbackpacks:backpack":1,"minecraft:crafting_table":4,"simplyswords:iron_twinblade":1,"minecraft:spruce_planks":408,"minecraft:baked_potato":13,"minecraft:furnace":1,"minecraft:air":0,"minecraft:iron_axe":3,"minecraft:stick":32,"minecraft:iron_ingot":41,"minecraft:iron_pickaxe":3,"minecraft:stone_pickaxe":1,"minecraft:chest":1,"minecraft:iron_shovel":3,"minecraft:torch":44},"minecraft:broken":{"minecraft:stone_pickaxe":1,"minecraft:iron_shovel":2,"minecraft:iron_axe":2,"minecraft:iron_pickaxe":2},"minecraft:custom":{"lootr:looted_stat":3,"minecraft:interact_with_furnace":13,"minecraft:mob_kills":2,"minecraft:interact_with_crafting_table":19,"minecraft:leave_game":1,"minecraft:time_since_death":59569,"minecraft:climb_one_cm":6376,"minecraft:damage_resisted":40,"minecraft:time_since_rest":59593,"minecraft:sprint_one_cm":155750,"minecraft:damage_taken":1234,"minecraft:walk_one_cm":334620,"minecraft:drop":22,"minecraft:damage_dealt":740,"minecraft:fly_one_cm":126259,"minecraft:player_kills":1,"minecraft:open_chest":25,"minecraft:crouch_one_cm":24466,"minecraft:play_time":124450,"minecraft:deaths":1,"minecraft:sneak_time":5923,"minecraft:walk_under_water_one_cm":904,"minecraft:jump":1046,"minecraft:interact_with_blast_furnace":1,"minecraft:walk_on_water_one_cm":622,"minecraft:total_world_time":124450,"minecraft:fall_one_cm":37816},"minecraft:killed_by":{"minecraft:player":1},"minecraft:used":{"royalvariations:royal_staff":3,"minecraft:iron_shovel":633,"minecraft:stone_pickaxe":113,"minecraft:baked_potato":3,"minecraft:chest":4,"minecraft:spruce_planks":295,"minecraft:wooden_pickaxe":8,"simplefarming:cherries":5,"minecraft:iron_chestplate":1,"minecraft:stick":1,"minecraft:torch":28,"minecraft:dirt":181,"minecraft:crafting_table":6,"minecraft:spruce_stairs":1,"simplyswords:iron_twinblade":4,"minecraft:oak_wood":1,"minecraft:spruce_log":44,"simplefarming:hamburger":2,"simplefarming:cooked_egg":6,"minecraft:iron_axe":505,"minecraft:bread":4,"minecraft:iron_pickaxe":696,"minecraft:iron_helmet":1,"simplefarming:apricot":5,"minecraft:cobblestone":175,"minecraft:furnace":2,"minecraft:potato":3}},"DataVersion":3465}