{"stats":{"minecraft:picked_up":{"royalvariations:royal_staff":1,"minecraft:enchanted_book":2,"minecraft:brewing_stand":2,"beautify:lamp_bamboo":4,"minecraft:string":2,"minecraft:armor_stand":1,"minecraft:red_sand":129,"minecraft:cobbled_deepslate":47,"minecraft:spruce_planks":137,"minecraft:rose_bush":1,"minecraft:calcite":45,"minecraft:azalea":9,"minecraft:coal_block":8,"minecraft:furnace":2,"minecraft:stick":35,"minecraft:big_dripleaf":3,"minecraft:torch":36,"minecraft:spruce_stairs":70,"minecraft:pointed_dripstone":5,"minecraft:diorite":25,"another_furniture:spruce_chair":1,"minecraft:cauldron":2,"minecraft:rotten_flesh":5,"minecraft:cactus":10,"simplefarming:pepper_seeds":1,"minecraft:red_tulip":2,"minecraft:cobblestone":1039,"minecraft:birch_log":31,"another_furniture:red_stool":6,"minecraft:cooked_beef":7,"minecraft:andesite":54,"minecraft:smoker":1,"minecraft:potato":63,"minecraft:lapis_lazuli":53,"minecraft:dirt":581,"minecraft:lantern":1,"minecraft:bone":5,"minecraft:orange_tulip":4,"minecraft:wheat_seeds":23,"simplefarming:lettuce_seeds":1,"minecraft:raw_gold":36,"minecraft:bell":1,"minecraft:grindstone":1,"simplefarming:tomato_seeds":10,"minecraft:mossy_stone_bricks":5,"minecraft:moss_block":65,"another_furniture:spruce_table":2,"minecraft:stripped_spruce_log":2,"minecraft:ink_sac":22,"minecraft:chiseled_sandstone":1,"minecraft:mossy_cobblestone":14,"reliquary:angelic_feather":2,"minecraft:diamond":15,"minecraft:granite":84,"minecraft:rooted_dirt":8,"minecraft:oak_sapling":29,"simplefarming:cassava_seeds":1,"minecraft:oak_leaves":29,"minecraft:spruce_leaves":27,"minecraft:charcoal":4,"minecraft:crafting_table":6,"minecraft:chicken":2,"minecraft:clay_ball":8,"minecraft:brown_mushroom":1,"minecraft:moss_carpet":15,"minecraft:iron_shovel":2,"minecraft:cracked_stone_bricks":1,"minecraft:poppy":2,"minecraft:spruce_slab":70,"supplementaries:blackboard":3,"minecraft:birch_sapling":2,"minecraft:chest":5,"minecraft:spruce_trapdoor":18,"minecraft:dark_oak_sapling":19,"minecraft:raw_iron":93,"minecraft:sandstone":18,"minecraft:raw_gold_block":3,"simplefarming:cantaloupe_seeds":1,"another_furniture:red_curtain":4,"minecraft:carrot":25,"minecraft:redstone":18,"minecraft:stone_pressure_plate":1,"minecraft:tnt":9,"minecraft:arrow":3,"minecraft:hay_block":36,"minecraft:white_wool":7,"simplefarming:soybean_seeds":12,"minecraft:glow_ink_sac":5,"minecraft:cut_sandstone":10,"simplefarming:soybean":19,"minecraft:red_mushroom":2,"minecraft:filled_map":1,"royalvariations:spiritual_crown_shard":1,"minecraft:oak_log":19,"minecraft:yellow_bed":1,"minecraft:cobblestone_stairs":4,"simplefarming:broccoli_seeds":2,"simplefarming:grape_seeds":2,"minecraft:apple":4,"minecraft:spruce_wood":64,"simplefarming:honeydew_seeds":1,"minecraft:flowering_azalea":3,"minecraft:polished_andesite_slab":1,"minecraft:book":12,"simplefarming:rice_seeds":2,"minecraft:pumpkin":9,"minecraft:dandelion":1,"minecraft:dripstone_block":9,"minecraft:gravel":2,"powah:uraninite_raw":4,"minecraft:spruce_sapling":21,"minecraft:spruce_log":268,"minecraft:spider_eye":3,"minecraft:spruce_door":3,"rechiseled:cobblestone_dented_connecting":2,"minecraft:oak_wood":30,"simplefarming:tomato":16,"minecraft:purple_bed":2,"minecraft:baked_potato":9,"simplefarming:cotton_seeds":1,"minecraft:dark_oak_wood":1,"minecraft:coal":163},"minecraft:crafted":{"minecraft:oak_planks":140,"minecraft:cooked_chicken":2,"minecraft:cobblestone_stairs":4,"another_furniture:red_curtain":3,"minecraft:chest":7,"minecraft:stone_hoe":1,"sophisticatedbackpacks:backpack":1,"minecraft:crafting_table":5,"minecraft:spruce_planks":908,"minecraft:baked_potato":13,"minecraft:spruce_door":3,"minecraft:red_wool":6,"another_furniture:red_stool":6,"minecraft:birch_planks":60,"minecraft:stick":160,"minecraft:iron_ingot":91,"minecraft:iron_pickaxe":8,"minecraft:shears":1,"minecraft:raw_iron":9,"minecraft:coal":72,"simplyswords:iron_twinblade":1,"minecraft:iron_nugget":45,"minecraft:furnace":1,"minecraft:bone_meal":126,"another_furniture:spruce_chair":6,"minecraft:spruce_stairs":80,"minecraft:leather":6,"azurepaxels:iron_paxel":1,"minecraft:iron_axe":6,"minecraft:iron_hoe":1,"minecraft:spruce_slab":126,"minecraft:stone_pickaxe":1,"another_furniture:spruce_bench":3,"shieldsplus:wooden_shield":1,"minecraft:wheat":162,"minecraft:red_dye":6,"simplefarming:oat_bread":1,"shieldsplus:iron_shield":1,"minecraft:bucket":2,"minecraft:bread":53,"minecraft:air":0,"another_furniture:spruce_table":3,"supplementaries:iron_gate":18,"minecraft:raw_gold":27,"minecraft:iron_shovel":4,"minecraft:torch":44},"minecraft:broken":{"minecraft:iron_shovel":2,"minecraft:stone_pickaxe":1,"royalvariations:royal_staff":1,"minecraft:stone_hoe":1,"azurepaxels:iron_paxel":1,"minecraft:iron_axe":4,"minecraft:iron_pickaxe":6},"minecraft:custom":{"lootr:looted_stat":17,"minecraft:interact_with_crafting_table":58,"minecraft:leave_game":5,"minecraft:time_since_death":32064,"minecraft:damage_resisted":51,"minecraft:sprint_one_cm":645445,"minecraft:damage_blocked_by_shield":30,"minecraft:drop":68,"minecraft:play_time":367137,"minecraft:deaths":8,"minecraft:jump":4288,"minecraft:walk_on_water_one_cm":24456,"minecraft:interact_with_furnace":40,"minecraft:interact_with_cartography_table":1,"minecraft:sleep_in_bed":1,"minecraft:waystone_activated":3,"minecraft:damage_dealt":2715,"minecraft:player_kills":1,"minecraft:crouch_one_cm":89148,"minecraft:mob_kills":10,"minecraft:damage_dealt_resisted":61,"minecraft:climb_one_cm":41212,"minecraft:walk_one_cm":1151068,"minecraft:damage_dealt_absorbed":120,"minecraft:sneak_time":19064,"minecraft:walk_under_water_one_cm":35133,"minecraft:interact_with_blast_furnace":1,"minecraft:total_world_time":367137,"minecraft:interact_with_grindstone":1,"minecraft:time_since_rest":32090,"minecraft:damage_taken":5682,"minecraft:swim_one_cm":19941,"minecraft:fly_one_cm":822510,"minecraft:open_chest":203,"minecraft:fall_one_cm":191664},"minecraft:killed":{"minecraft:spider":3,"minecraft:skeleton":1,"minecraft:chicken":2,"minecraft:zombie":4},"minecraft:dropped":{"minecraft:oak_log":6,"minecraft:crafting_table":1,"minecraft:orange_tulip":1,"minecraft:dirt":107,"minecraft:pumpkin_pie":6,"minecraft:sand":5,"minecraft:cobbled_deepslate":5,"minecraft:pointed_dripstone":3,"minecraft:oak_planks":11,"simplefarming:honeydew_seeds":1,"minecraft:chest":1,"minecraft:enchanted_book":1,"minecraft:bread":15,"minecraft:stripped_spruce_log":1,"minecraft:wheat_seeds":1,"minecraft:mossy_cobblestone":2,"minecraft:cobblestone":2,"minecraft:granite":29,"minecraft:spruce_stairs":7,"simplefarming:broccoli_seeds":2,"minecraft:diorite":20,"simplefarming:rice_seeds":1,"minecraft:cactus":5,"minecraft:iron_shovel":2,"minecraft:filled_map":1,"reliquary:angelic_feather":2,"minecraft:spruce_planks":16,"minecraft:andesite":34,"minecraft:oak_sapling":2,"minecraft:spruce_log":2,"minecraft:wooden_pickaxe":1},"minecraft:mined":{"minecraft:stone_pressure_plate":1,"minecraft:spruce_planks":131,"minecraft:cobblestone_stairs":4,"minecraft:brewing_stand":2,"minecraft:spruce_trapdoor":18,"minecraft:cave_vines_plant":2,"minecraft:granite":109,"minecraft:red_sand":258,"minecraft:grass_block":273,"minecraft:coal_block":8,"minecraft:iron_ore":55,"another_furniture:red_stool":6,"minecraft:pumpkin":10,"minecraft:deepslate_lapis_ore":6,"simplefarming:soybeans":1,"minecraft:red_tulip":2,"minecraft:pointed_dripstone":2,"supplementaries:stick":1,"minecraft:cave_vines":4,"minecraft:water_cauldron":2,"minecraft:flowering_azalea_leaves":1,"minecraft:dirt_path":21,"supplementaries:blackboard":3,"minecraft:spruce_wood":102,"minecraft:azalea_leaves":5,"minecraft:spruce_slab":65,"minecraft:deepslate_redstone_ore":4,"minecraft:cut_sandstone":10,"lootr:lootr_chest":2,"supplementaries:book_pile":1,"minecraft:smoker":1,"minecraft:medium_amethyst_bud":1,"powah:uraninite_ore":1,"minecraft:clay":2,"beautify:lamp_bamboo":4,"minecraft:torch":17,"minecraft:dark_oak_wood":2,"minecraft:calcite":45,"another_furniture:spruce_chair":1,"minecraft:poppy":2,"minecraft:chest":2,"denseores:dense_coal_ore":10,"minecraft:cobblestone":221,"minecraft:grindstone":1,"minecraft:wall_torch":10,"another_furniture:red_curtain":4,"minecraft:birch_log":40,"minecraft:wheat":1,"minecraft:tnt":9,"minecraft:orange_tulip":3,"simplefarming:tomatoes":1,"minecraft:grass":107,"minecraft:oak_log":16,"minecraft:dirt":333,"minecraft:oak_leaves":663,"minecraft:deepslate":48,"powah:deepslate_uraninite_ore":3,"minecraft:diamond_ore":9,"minecraft:mossy_cobblestone":15,"minecraft:dark_oak_leaves":386,"minecraft:deepslate_diamond_ore":4,"denseores:dense_diamond_ore":1,"minecraft:polished_andesite_slab":1,"minecraft:spruce_leaves":382,"denseores:dense_deepslate_iron_ore":3,"minecraft:red_mushroom":1,"minecraft:moss_block":66,"minecraft:sandstone":18,"minecraft:rooted_dirt":8,"minecraft:large_fern":2,"minecraft:hay_block":36,"minecraft:furnace":2,"minecraft:carrots":1,"minecraft:raw_gold_block":3,"minecraft:chiseled_sandstone":1,"rechiseled:cobblestone_dented_connecting":2,"minecraft:andesite":56,"minecraft:stripped_spruce_log":2,"minecraft:bell":1,"minecraft:bookshelf":4,"minecraft:potatoes":10,"minecraft:deepslate_iron_ore":34,"minecraft:vine":5,"minecraft:stone":958,"minecraft:glass_pane":6,"denseores:dense_deepslate_coal_ore":4,"simplefarming:grape_trunk":1,"supplementaries:iron_gate":1,"minecraft:dandelion":2,"minecraft:smooth_sandstone":1,"minecraft:crafting_table":6,"minecraft:oak_wood":32,"another_furniture:spruce_table":2,"minecraft:rose_bush":1,"minecraft:campfire":1,"minecraft:tall_grass":21,"minecraft:deepslate_coal_ore":16,"minecraft:lapis_ore":2,"minecraft:deepslate_gold_ore":4,"minecraft:diorite":25,"minecraft:blue_bed":1,"minecraft:spruce_stairs":63,"minecraft:purple_bed":2,"minecraft:coarse_dirt":1,"minecraft:spruce_log":268,"minecraft:birch_leaves":11,"minecraft:yellow_bed":2,"minecraft:coal_ore":64,"minecraft:gravel":9,"minecraft:dripstone_block":9,"minecraft:cracked_stone_bricks":2,"minecraft:terracotta":3,"minecraft:stone_bricks":3,"minecraft:mossy_stone_bricks":6,"minecraft:gold_ore":35,"simplefarming:peppers":1,"minecraft:fern":39},"minecraft:used":{"minecraft:moss_block":59,"minecraft:iron_shovel":650,"minecraft:spruce_slab":100,"minecraft:chest":10,"minecraft:stone":10,"simplefarming:cherries":5,"minecraft:iron_chestplate":1,"another_furniture:red_curtain":4,"shieldsplus:iron_shield":1,"minecraft:carrot":36,"minecraft:spruce_wood":49,"minecraft:lantern":1,"minecraft:iron_helmet":1,"royalvariations:royal_bone_meal":1,"simplefarming:pepper_seeds":1,"another_furniture:red_stool":12,"minecraft:written_book":2,"simplefarming:tomato_seeds":11,"minecraft:furnace":3,"minecraft:potato":70,"another_furniture:spruce_chair":3,"simplefarming:grape_seeds":2,"minecraft:mossy_stone_bricks":5,"minecraft:diorite":2,"minecraft:spruce_door":1,"minecraft:stone_pickaxe":113,"minecraft:oak_planks":125,"simplefarming:pulled_pork_sandwich":2,"minecraft:wooden_pickaxe":8,"rechiseled:cobblestone_dented_connecting":2,"beautify:lamp_bamboo":6,"simplefarming:hamburger":2,"minecraft:bread":34,"supplementaries:iron_gate":16,"simplefarming:apricot":5,"immersive_armors:divine_leggings":1,"minecraft:grindstone":2,"minecraft:andesite":6,"minecraft:bone_meal":126,"minecraft:armor_stand":1,"simplefarming:soybean_seeds":11,"minecraft:spruce_planks":686,"azurepaxels:iron_paxel":249,"minecraft:stone_hoe":131,"minecraft:torch":80,"minecraft:stick":1,"minecraft:dirt":431,"simplefarming:oat_bread":1,"minecraft:spruce_stairs":64,"minecraft:oak_wood":1,"minecraft:granite":5,"minecraft:iron_hoe":28,"simplefarming:cooked_egg":6,"minecraft:iron_axe":1065,"minecraft:cobbled_deepslate":28,"supplementaries:blackboard":4,"minecraft:wheat_seeds":1,"minecraft:water_bucket":10,"royalvariations:royal_staff":33,"minecraft:cobblestone_stairs":1,"minecraft:birch_planks":56,"minecraft:baked_potato":22,"minecraft:mossy_cobblestone":40,"minecraft:crafting_table":10,"simplefarming:tomato":3,"simplyswords:iron_twinblade":24,"simplefarming:scarecrow":1,"minecraft:smoker":1,"minecraft:spruce_log":56,"minecraft:iron_pickaxe":1711,"minecraft:map":1,"reliquary:shears_of_winter":46,"minecraft:enchanted_book":1,"minecraft:cobblestone":651,"minecraft:purple_bed":2,"minecraft:bucket":10,"minecraft:pumpkin_pie":8,"another_furniture:spruce_table":4},"minecraft:killed_by":{"minecraft:player":1,"minecraft:spider":1,"minecraft:enderman":1}},"DataVersion":3465}