{"stats":{"minecraft:picked_up":{"minecraft:spruce_log":1,"minecraft:dirt":2},"minecraft:mined":{"minecraft:grass_block":2,"minecraft:dark_oak_leaves":3,"minecraft:spruce_log":1,"minecraft:oak_leaves":1,"minecraft:torch":1},"minecraft:custom":{"minecraft:time_since_rest":16450,"lootr:looted_stat":3,"minecraft:crouch_one_cm":191,"minecraft:sprint_one_cm":31357,"minecraft:play_time":16450,"minecraft:damage_taken":96,"minecraft:walk_one_cm":31029,"minecraft:sneak_time":42,"minecraft:jump":145,"minecraft:damage_dealt":0,"minecraft:leave_game":1,"minecraft:time_since_death":16450,"minecraft:total_world_time":16450,"minecraft:climb_one_cm":2826,"minecraft:fall_one_cm":4328,"minecraft:fly_one_cm":16394},"minecraft:used":{"simplefarming:apricot":2,"minecraft:iron_chestplate":1,"minecraft:iron_helmet":1}},"DataVersion":3465}