{"stats":{"minecraft:picked_up":{"minecraft:charcoal":2,"minecraft:crafting_table":6,"minecraft:brown_mushroom":1,"royalvariations:royal_staff":1,"beautify:lamp_bamboo":1,"minecraft:string":1,"minecraft:armor_stand":1,"minecraft:iron_shovel":2,"minecraft:cobbled_deepslate":18,"minecraft:spruce_planks":126,"minecraft:spruce_slab":70,"minecraft:chest":5,"minecraft:spruce_trapdoor":8,"minecraft:furnace":2,"minecraft:dark_oak_sapling":19,"minecraft:stick":21,"minecraft:raw_iron":50,"minecraft:torch":22,"minecraft:spruce_stairs":70,"minecraft:pointed_dripstone":3,"minecraft:diorite":3,"minecraft:rotten_flesh":3,"minecraft:cobblestone":932,"minecraft:birch_log":1,"minecraft:andesite":48,"simplefarming:broccoli_seeds":2,"minecraft:dirt":490,"minecraft:apple":4,"minecraft:orange_tulip":1,"minecraft:wheat_seeds":3,"minecraft:spruce_wood":64,"simplefarming:honeydew_seeds":1,"minecraft:pumpkin":9,"minecraft:dandelion":1,"minecraft:gravel":2,"minecraft:stripped_spruce_log":1,"minecraft:spruce_sapling":13,"minecraft:spruce_log":258,"minecraft:spider_eye":2,"minecraft:spruce_door":3,"minecraft:mossy_cobblestone":12,"minecraft:oak_wood":9,"minecraft:purple_bed":2,"minecraft:granite":60,"minecraft:baked_potato":9,"minecraft:oak_sapling":14,"minecraft:dark_oak_wood":1,"minecraft:coal":92},"minecraft:custom":{"lootr:looted_stat":3,"minecraft:mob_kills":4,"minecraft:interact_with_crafting_table":32,"minecraft:time_since_death":31904,"minecraft:leave_game":3,"minecraft:climb_one_cm":6376,"minecraft:damage_resisted":40,"minecraft:sprint_one_cm":197854,"minecraft:walk_one_cm":607410,"minecraft:drop":22,"minecraft:play_time":174408,"minecraft:deaths":2,"minecraft:sneak_time":10686,"minecraft:walk_under_water_one_cm":904,"minecraft:jump":1260,"minecraft:interact_with_blast_furnace":1,"minecraft:walk_on_water_one_cm":622,"minecraft:total_world_time":174408,"minecraft:interact_with_furnace":17,"minecraft:sleep_in_bed":1,"minecraft:time_since_rest":28301,"minecraft:damage_taken":1692,"minecraft:damage_dealt":1060,"minecraft:fly_one_cm":140463,"minecraft:player_kills":1,"minecraft:open_chest":48,"minecraft:crouch_one_cm":46518,"minecraft:fall_one_cm":45680},"minecraft:broken":{"minecraft:iron_shovel":2,"minecraft:stone_pickaxe":1,"minecraft:iron_axe":3,"minecraft:iron_pickaxe":4},"minecraft:dropped":{"minecraft:stripped_spruce_log":1,"minecraft:wheat_seeds":1,"minecraft:mossy_cobblestone":2,"minecraft:cobblestone":2,"minecraft:granite":28,"minecraft:spruce_stairs":7,"simplefarming:broccoli_seeds":1,"minecraft:dirt":107,"minecraft:sand":5,"minecraft:iron_shovel":2,"minecraft:cobbled_deepslate":5,"minecraft:pointed_dripstone":3,"minecraft:spruce_planks":16,"minecraft:andesite":34,"minecraft:chest":1,"minecraft:oak_sapling":2,"minecraft:spruce_log":2,"minecraft:wooden_pickaxe":1},"minecraft:used":{"minecraft:iron_shovel":639,"minecraft:spruce_slab":98,"minecraft:chest":6,"minecraft:spruce_planks":634,"simplefarming:cherries":5,"minecraft:iron_chestplate":1,"minecraft:stick":1,"minecraft:torch":55,"minecraft:dirt":202,"minecraft:spruce_stairs":57,"minecraft:oak_wood":1,"simplefarming:cooked_egg":6,"minecraft:spruce_wood":49,"minecraft:iron_axe":951,"minecraft:iron_helmet":1,"minecraft:furnace":3,"minecraft:potato":3,"royalvariations:royal_staff":9,"minecraft:cobblestone_stairs":1,"minecraft:spruce_door":1,"minecraft:stone_pickaxe":113,"minecraft:baked_potato":9,"minecraft:wooden_pickaxe":8,"beautify:lamp_bamboo":1,"minecraft:crafting_table":10,"simplyswords:iron_twinblade":4,"simplefarming:hamburger":2,"minecraft:spruce_log":55,"minecraft:bread":4,"minecraft:iron_pickaxe":1216,"simplefarming:apricot":5,"minecraft:cobblestone":483,"minecraft:purple_bed":2},"minecraft:mined":{"minecraft:spruce_planks":120,"minecraft:mossy_cobblestone":13,"minecraft:dark_oak_leaves":386,"minecraft:spruce_trapdoor":8,"minecraft:granite":83,"minecraft:grass_block":248,"minecraft:spruce_leaves":108,"denseores:dense_deepslate_iron_ore":3,"minecraft:furnace":2,"minecraft:iron_ore":22,"minecraft:andesite":50,"minecraft:stripped_spruce_log":1,"minecraft:pumpkin":9,"minecraft:pointed_dripstone":1,"supplementaries:stick":1,"minecraft:vine":3,"minecraft:deepslate_iron_ore":20,"minecraft:dirt_path":20,"minecraft:spruce_wood":102,"minecraft:stone":900,"minecraft:spruce_slab":65,"minecraft:glass_pane":6,"lootr:lootr_chest":2,"minecraft:dandelion":1,"minecraft:crafting_table":6,"beautify:lamp_bamboo":1,"minecraft:torch":8,"minecraft:dark_oak_wood":2,"minecraft:oak_wood":11,"minecraft:chest":2,"minecraft:campfire":1,"denseores:dense_coal_ore":10,"minecraft:tall_grass":9,"minecraft:cobblestone":141,"minecraft:diorite":3,"minecraft:blue_bed":1,"minecraft:wall_torch":7,"minecraft:spruce_stairs":63,"minecraft:purple_bed":2,"minecraft:spruce_log":258,"minecraft:orange_tulip":1,"minecraft:grass":10,"minecraft:coal_ore":21,"minecraft:gravel":9,"minecraft:dirt":303,"minecraft:oak_leaves":324,"minecraft:deepslate":13,"minecraft:fern":6},"minecraft:killed_by":{"minecraft:player":1,"minecraft:spider":1},"minecraft:killed":{"minecraft:spider":2,"minecraft:zombie":2},"minecraft:crafted":{"minecraft:oak_planks":4,"simplyswords:iron_twinblade":1,"minecraft:furnace":1,"minecraft:cobblestone_stairs":4,"minecraft:spruce_stairs":80,"minecraft:iron_axe":4,"minecraft:spruce_slab":126,"minecraft:stone_pickaxe":1,"minecraft:chest":3,"sophisticatedbackpacks:backpack":1,"minecraft:crafting_table":5,"minecraft:spruce_planks":872,"minecraft:baked_potato":13,"minecraft:spruce_door":3,"minecraft:birch_planks":4,"minecraft:air":0,"minecraft:stick":32,"minecraft:iron_pickaxe":6,"minecraft:iron_ingot":41,"minecraft:iron_shovel":3,"minecraft:torch":44}},"DataVersion":3465}