{"stats":{"minecraft:picked_up":{"minecraft:spruce_leaves":27,"minecraft:charcoal":4,"minecraft:crafting_table":6,"minecraft:chicken":2,"minecraft:clay_ball":8,"minecraft:brown_mushroom":1,"royalvariations:royal_staff":1,"minecraft:enchanted_book":2,"minecraft:brewing_stand":2,"beautify:lamp_bamboo":4,"minecraft:string":2,"minecraft:moss_carpet":13,"minecraft:armor_stand":1,"minecraft:iron_shovel":2,"minecraft:cracked_stone_bricks":1,"minecraft:red_sand":1,"minecraft:cobbled_deepslate":40,"minecraft:spruce_planks":136,"minecraft:rose_bush":1,"minecraft:calcite":38,"minecraft:azalea":9,"minecraft:poppy":2,"minecraft:spruce_slab":70,"supplementaries:blackboard":3,"minecraft:coal_block":8,"minecraft:chest":5,"minecraft:birch_sapling":2,"minecraft:spruce_trapdoor":18,"minecraft:furnace":2,"minecraft:dark_oak_sapling":19,"minecraft:stick":35,"minecraft:raw_iron":93,"minecraft:big_dripleaf":3,"minecraft:torch":35,"minecraft:spruce_stairs":70,"another_furniture:red_curtain":4,"minecraft:pointed_dripstone":3,"minecraft:diorite":5,"another_furniture:spruce_chair":1,"minecraft:cauldron":2,"minecraft:cactus":5,"minecraft:rotten_flesh":3,"minecraft:hay_block":36,"minecraft:red_tulip":2,"minecraft:white_wool":7,"minecraft:cobblestone":1038,"minecraft:birch_log":31,"another_furniture:red_stool":6,"minecraft:cooked_beef":7,"simplefarming:soybean_seeds":1,"minecraft:andesite":54,"minecraft:smoker":1,"minecraft:filled_map":1,"minecraft:oak_log":19,"minecraft:yellow_bed":1,"minecraft:cobblestone_stairs":4,"simplefarming:broccoli_seeds":2,"minecraft:lapis_lazuli":24,"minecraft:dirt":550,"minecraft:lantern":1,"simplefarming:grape_seeds":1,"minecraft:apple":4,"minecraft:wheat_seeds":10,"minecraft:orange_tulip":3,"minecraft:raw_gold":9,"simplefarming:lettuce_seeds":1,"minecraft:bell":1,"simplefarming:honeydew_seeds":1,"minecraft:spruce_wood":64,"minecraft:mossy_stone_bricks":5,"minecraft:moss_block":59,"minecraft:polished_andesite_slab":1,"minecraft:flowering_azalea":2,"minecraft:book":12,"simplefarming:rice_seeds":2,"minecraft:pumpkin":9,"minecraft:dandelion":1,"minecraft:gravel":2,"powah:uraninite_raw":4,"minecraft:stripped_spruce_log":2,"minecraft:spruce_sapling":20,"minecraft:ink_sac":22,"minecraft:spruce_log":268,"minecraft:spruce_door":3,"minecraft:spider_eye":3,"minecraft:mossy_cobblestone":14,"rechiseled:cobblestone_dented_connecting":2,"minecraft:oak_wood":30,"minecraft:purple_bed":2,"minecraft:diamond":2,"minecraft:granite":79,"minecraft:oak_leaves":29,"minecraft:rooted_dirt":2,"minecraft:baked_potato":9,"minecraft:oak_sapling":29,"simplefarming:cassava_seeds":1,"simplefarming:cotton_seeds":1,"minecraft:dark_oak_wood":1,"minecraft:coal":163},"minecraft:crafted":{"minecraft:oak_planks":140,"minecraft:raw_iron":9,"minecraft:coal":72,"minecraft:iron_nugget":45,"simplyswords:iron_twinblade":1,"minecraft:cooked_chicken":2,"minecraft:furnace":1,"minecraft:cobblestone_stairs":4,"another_furniture:red_curtain":3,"another_furniture:spruce_chair":3,"minecraft:spruce_stairs":80,"minecraft:leather":6,"azurepaxels:iron_paxel":1,"minecraft:iron_axe":6,"minecraft:spruce_slab":126,"minecraft:stone_pickaxe":1,"minecraft:chest":7,"shieldsplus:wooden_shield":1,"minecraft:wheat":162,"minecraft:red_dye":6,"simplefarming:oat_bread":1,"sophisticatedbackpacks:backpack":1,"minecraft:crafting_table":5,"minecraft:spruce_planks":908,"shieldsplus:iron_shield":1,"minecraft:baked_potato":13,"minecraft:spruce_door":3,"minecraft:red_wool":6,"another_furniture:red_stool":6,"minecraft:birch_planks":60,"minecraft:bread":53,"minecraft:air":0,"supplementaries:iron_gate":18,"minecraft:stick":160,"minecraft:iron_ingot":80,"minecraft:iron_pickaxe":8,"minecraft:iron_shovel":4,"minecraft:torch":44,"minecraft:shears":1},"minecraft:broken":{"minecraft:iron_shovel":2,"royalvariations:royal_staff":1,"minecraft:stone_pickaxe":1,"azurepaxels:iron_paxel":1,"minecraft:iron_axe":4,"minecraft:iron_pickaxe":5},"minecraft:custom":{"lootr:looted_stat":11,"minecraft:mob_kills":9,"minecraft:interact_with_crafting_table":53,"minecraft:leave_game":5,"minecraft:time_since_death":40021,"minecraft:climb_one_cm":33335,"minecraft:damage_resisted":51,"minecraft:sprint_one_cm":574705,"minecraft:walk_one_cm":1002283,"minecraft:damage_blocked_by_shield":30,"minecraft:drop":64,"minecraft:play_time":307137,"minecraft:sneak_time":17321,"minecraft:deaths":7,"minecraft:walk_under_water_one_cm":11627,"minecraft:jump":3741,"minecraft:interact_with_blast_furnace":1,"minecraft:walk_on_water_one_cm":12732,"minecraft:total_world_time":307137,"minecraft:interact_with_furnace":35,"minecraft:sleep_in_bed":1,"minecraft:time_since_rest":40045,"minecraft:waystone_activated":2,"minecraft:damage_taken":4919,"minecraft:damage_dealt":2077,"minecraft:player_kills":1,"minecraft:swim_one_cm":14852,"minecraft:fly_one_cm":588738,"minecraft:open_chest":136,"minecraft:crouch_one_cm":83518,"minecraft:fall_one_cm":165762},"minecraft:killed":{"minecraft:spider":3,"minecraft:skeleton":1,"minecraft:chicken":2,"minecraft:zombie":3},"minecraft:dropped":{"minecraft:enchanted_book":1,"minecraft:bread":15,"minecraft:stripped_spruce_log":1,"minecraft:wheat_seeds":1,"minecraft:oak_log":6,"minecraft:mossy_cobblestone":2,"minecraft:crafting_table":1,"minecraft:orange_tulip":1,"minecraft:cobblestone":2,"minecraft:granite":29,"minecraft:spruce_stairs":7,"simplefarming:broccoli_seeds":2,"minecraft:dirt":107,"simplefarming:rice_seeds":1,"minecraft:pumpkin_pie":6,"minecraft:sand":5,"minecraft:iron_shovel":2,"minecraft:cobbled_deepslate":5,"minecraft:pointed_dripstone":3,"minecraft:oak_planks":11,"minecraft:filled_map":1,"simplefarming:honeydew_seeds":1,"minecraft:spruce_planks":16,"minecraft:andesite":34,"minecraft:oak_sapling":2,"minecraft:chest":1,"minecraft:spruce_log":2,"minecraft:wooden_pickaxe":1},"minecraft:mined":{"powah:deepslate_uraninite_ore":3,"minecraft:spruce_planks":131,"minecraft:mossy_cobblestone":15,"minecraft:deepslate_diamond_ore":2,"minecraft:dark_oak_leaves":386,"minecraft:cobblestone_stairs":4,"minecraft:brewing_stand":2,"minecraft:spruce_trapdoor":18,"minecraft:cave_vines_plant":1,"minecraft:granite":103,"minecraft:red_sand":65,"minecraft:grass_block":267,"minecraft:coal_block":8,"minecraft:polished_andesite_slab":1,"minecraft:spruce_leaves":382,"denseores:dense_deepslate_iron_ore":3,"minecraft:moss_block":59,"minecraft:rooted_dirt":2,"minecraft:hay_block":36,"minecraft:furnace":2,"minecraft:iron_ore":55,"another_furniture:red_stool":6,"rechiseled:cobblestone_dented_connecting":2,"minecraft:andesite":56,"minecraft:stripped_spruce_log":2,"minecraft:pumpkin":10,"minecraft:deepslate_lapis_ore":2,"minecraft:bell":1,"minecraft:flowering_azalea_leaves":1,"supplementaries:stick":1,"minecraft:pointed_dripstone":1,"minecraft:bookshelf":4,"minecraft:red_tulip":2,"minecraft:dirt_path":20,"minecraft:vine":5,"minecraft:cave_vines":4,"minecraft:deepslate_iron_ore":34,"minecraft:water_cauldron":2,"supplementaries:blackboard":3,"minecraft:spruce_wood":102,"minecraft:azalea_leaves":5,"minecraft:stone":944,"minecraft:spruce_slab":65,"minecraft:glass_pane":6,"lootr:lootr_chest":2,"denseores:dense_deepslate_coal_ore":4,"supplementaries:book_pile":1,"minecraft:medium_amethyst_bud":1,"minecraft:smoker":1,"powah:uraninite_ore":1,"supplementaries:iron_gate":1,"minecraft:dandelion":2,"minecraft:clay":2,"beautify:lamp_bamboo":4,"minecraft:crafting_table":6,"minecraft:torch":16,"minecraft:dark_oak_wood":2,"minecraft:oak_wood":32,"another_furniture:spruce_chair":1,"minecraft:calcite":38,"minecraft:poppy":2,"minecraft:chest":2,"minecraft:rose_bush":1,"minecraft:campfire":1,"minecraft:tall_grass":18,"denseores:dense_coal_ore":10,"minecraft:cobblestone":221,"minecraft:deepslate_coal_ore":16,"minecraft:deepslate_gold_ore":2,"minecraft:lapis_ore":2,"minecraft:diorite":4,"minecraft:blue_bed":1,"minecraft:wall_torch":10,"minecraft:spruce_stairs":63,"another_furniture:red_curtain":4,"minecraft:purple_bed":2,"minecraft:coarse_dirt":1,"minecraft:birch_log":40,"minecraft:spruce_log":268,"minecraft:birch_leaves":11,"minecraft:orange_tulip":2,"minecraft:yellow_bed":2,"minecraft:grass":73,"minecraft:oak_log":16,"minecraft:coal_ore":64,"minecraft:gravel":9,"minecraft:dirt":330,"minecraft:cracked_stone_bricks":2,"minecraft:stone_bricks":3,"minecraft:gold_ore":7,"minecraft:mossy_stone_bricks":6,"minecraft:oak_leaves":662,"minecraft:deepslate":37,"minecraft:fern":15},"minecraft:used":{"minecraft:moss_block":59,"minecraft:iron_shovel":650,"minecraft:armor_stand":1,"minecraft:spruce_slab":98,"minecraft:chest":10,"minecraft:spruce_planks":670,"minecraft:stone":10,"simplefarming:cherries":5,"azurepaxels:iron_paxel":249,"minecraft:stick":1,"minecraft:iron_chestplate":1,"minecraft:torch":78,"another_furniture:red_curtain":4,"minecraft:dirt":400,"shieldsplus:iron_shield":1,"simplefarming:oat_bread":1,"minecraft:spruce_stairs":64,"minecraft:oak_wood":1,"minecraft:carrot":3,"minecraft:granite":5,"simplefarming:cooked_egg":6,"minecraft:lantern":1,"minecraft:spruce_wood":49,"minecraft:iron_axe":1063,"minecraft:iron_helmet":1,"another_furniture:red_stool":12,"minecraft:written_book":1,"minecraft:furnace":3,"minecraft:potato":3,"another_furniture:spruce_chair":2,"minecraft:cobbled_deepslate":22,"supplementaries:blackboard":4,"royalvariations:royal_staff":33,"minecraft:mossy_stone_bricks":5,"minecraft:diorite":2,"minecraft:cobblestone_stairs":1,"minecraft:spruce_door":1,"minecraft:baked_potato":22,"minecraft:birch_planks":56,"minecraft:oak_planks":125,"minecraft:stone_pickaxe":113,"simplefarming:pulled_pork_sandwich":2,"minecraft:wooden_pickaxe":8,"beautify:lamp_bamboo":6,"rechiseled:cobblestone_dented_connecting":2,"minecraft:mossy_cobblestone":40,"simplyswords:iron_twinblade":5,"minecraft:crafting_table":10,"minecraft:spruce_log":56,"simplefarming:hamburger":2,"minecraft:smoker":1,"minecraft:bread":25,"minecraft:iron_pickaxe":1534,"minecraft:map":1,"reliquary:shears_of_winter":46,"supplementaries:iron_gate":16,"simplefarming:apricot":5,"minecraft:enchanted_book":1,"immersive_armors:divine_leggings":1,"minecraft:cobblestone":616,"minecraft:purple_bed":2,"minecraft:andesite":6,"minecraft:pumpkin_pie":8},"minecraft:killed_by":{"minecraft:player":1,"minecraft:spider":1,"minecraft:enderman":1}},"DataVersion":3465}