{"stats":{"minecraft:dropped":{"minecraft:wooden_pickaxe":1},"minecraft:mined":{"lootr:lootr_chest":1,"minecraft:dark_oak_leaves":5,"minecraft:torch":1,"minecraft:oak_wood":1,"minecraft:grass_block":4,"denseores:dense_coal_ore":10,"minecraft:tall_grass":1,"minecraft:spruce_leaves":6,"denseores:dense_deepslate_iron_ore":3,"minecraft:diorite":3,"minecraft:wall_torch":1,"minecraft:furnace":1,"minecraft:iron_ore":13,"minecraft:spruce_log":31,"minecraft:andesite":5,"minecraft:stripped_spruce_log":1,"minecraft:grass":3,"minecraft:pointed_dripstone":1,"supplementaries:stick":1,"minecraft:coal_ore":11,"minecraft:deepslate_iron_ore":20,"minecraft:stone":16,"minecraft:oak_leaves":4,"minecraft:deepslate":13,"minecraft:fern":2},"minecraft:picked_up":{"minecraft:andesite":3,"royalvariations:royal_staff":1,"minecraft:dirt":4,"minecraft:armor_stand":1,"minecraft:cobbled_deepslate":13,"minecraft:chest":1,"minecraft:furnace":1,"minecraft:stick":1,"minecraft:raw_iron":41,"minecraft:torch":1,"minecraft:spruce_sapling":1,"minecraft:pointed_dripstone":3,"minecraft:diorite":3,"minecraft:spruce_log":31,"minecraft:oak_wood":1,"minecraft:rotten_flesh":3,"minecraft:oak_sapling":1,"minecraft:coal":67,"minecraft:cobblestone":16},"minecraft:killed":{"minecraft:zombie":2},"minecraft:crafted":{"minecraft:oak_planks":4,"sophisticatedbackpacks:backpack":1,"minecraft:crafting_table":4,"simplyswords:iron_twinblade":1,"minecraft:spruce_planks":40,"minecraft:furnace":1,"minecraft:air":0,"minecraft:iron_axe":1,"minecraft:stick":24,"minecraft:iron_ingot":13,"minecraft:iron_pickaxe":1,"minecraft:stone_pickaxe":1,"minecraft:torch":44},"minecraft:custom":{"lootr:looted_stat":3,"minecraft:interact_with_furnace":6,"minecraft:mob_kills":2,"minecraft:interact_with_crafting_table":7,"minecraft:leave_game":1,"minecraft:time_since_death":23569,"minecraft:climb_one_cm":5751,"minecraft:damage_resisted":40,"minecraft:time_since_rest":23593,"minecraft:sprint_one_cm":119109,"minecraft:damage_taken":1143,"minecraft:walk_one_cm":128380,"minecraft:drop":1,"minecraft:damage_dealt":730,"minecraft:fly_one_cm":94779,"minecraft:player_kills":1,"minecraft:crouch_one_cm":12484,"minecraft:play_time":88450,"minecraft:deaths":1,"minecraft:sneak_time":3209,"minecraft:walk_under_water_one_cm":904,"minecraft:jump":738,"minecraft:interact_with_blast_furnace":1,"minecraft:walk_on_water_one_cm":622,"minecraft:total_world_time":88450,"minecraft:fall_one_cm":30743},"minecraft:killed_by":{"minecraft:player":1},"minecraft:used":{"royalvariations:royal_staff":3,"minecraft:stone_pickaxe":86,"minecraft:spruce_planks":14,"minecraft:wooden_pickaxe":8,"simplefarming:cherries":5,"minecraft:iron_chestplate":1,"minecraft:stick":1,"minecraft:torch":15,"minecraft:dirt":4,"minecraft:crafting_table":4,"simplyswords:iron_twinblade":4,"simplefarming:hamburger":2,"simplefarming:cooked_egg":4,"minecraft:iron_axe":25,"minecraft:bread":3,"minecraft:iron_pickaxe":33,"minecraft:iron_helmet":1,"simplefarming:apricot":5,"minecraft:cobblestone":13,"minecraft:furnace":1}},"DataVersion":3465}