{"stats":{"minecraft:dropped":{"minecraft:stripped_spruce_log":1,"minecraft:wheat_seeds":1,"minecraft:mossy_cobblestone":2,"minecraft:cobblestone":2,"minecraft:granite":28,"minecraft:spruce_stairs":7,"simplefarming:broccoli_seeds":1,"minecraft:dirt":107,"minecraft:sand":5,"minecraft:iron_shovel":2,"minecraft:cobbled_deepslate":5,"minecraft:pointed_dripstone":3,"minecraft:spruce_planks":16,"minecraft:andesite":34,"minecraft:oak_sapling":2,"minecraft:chest":1,"minecraft:spruce_log":2,"minecraft:wooden_pickaxe":1},"minecraft:mined":{"minecraft:spruce_planks":42,"minecraft:mossy_cobblestone":13,"minecraft:dark_oak_leaves":74,"minecraft:spruce_trapdoor":8,"minecraft:granite":80,"minecraft:grass_block":248,"minecraft:spruce_leaves":40,"denseores:dense_deepslate_iron_ore":3,"minecraft:furnace":2,"minecraft:iron_ore":22,"minecraft:andesite":50,"minecraft:stripped_spruce_log":1,"minecraft:pumpkin":9,"supplementaries:stick":1,"minecraft:pointed_dripstone":1,"minecraft:deepslate_iron_ore":20,"minecraft:vine":3,"minecraft:dirt_path":20,"minecraft:spruce_wood":37,"minecraft:stone":815,"minecraft:glass_pane":6,"lootr:lootr_chest":2,"minecraft:dandelion":1,"minecraft:crafting_table":4,"beautify:lamp_bamboo":1,"minecraft:torch":7,"minecraft:dark_oak_wood":2,"minecraft:oak_wood":11,"minecraft:chest":2,"minecraft:campfire":1,"minecraft:cobblestone":111,"denseores:dense_coal_ore":10,"minecraft:tall_grass":4,"minecraft:diorite":3,"minecraft:wall_torch":6,"minecraft:blue_bed":1,"minecraft:spruce_stairs":8,"minecraft:purple_bed":1,"minecraft:spruce_log":206,"minecraft:orange_tulip":1,"minecraft:grass":8,"minecraft:coal_ore":15,"minecraft:gravel":9,"minecraft:dirt":286,"minecraft:oak_leaves":137,"minecraft:deepslate":13,"minecraft:fern":6},"minecraft:picked_up":{"minecraft:charcoal":2,"minecraft:crafting_table":4,"minecraft:brown_mushroom":1,"royalvariations:royal_staff":1,"beautify:lamp_bamboo":1,"minecraft:string":1,"minecraft:armor_stand":1,"minecraft:iron_shovel":2,"minecraft:cobbled_deepslate":18,"minecraft:spruce_planks":52,"minecraft:chest":5,"minecraft:spruce_trapdoor":8,"minecraft:furnace":2,"minecraft:dark_oak_sapling":4,"minecraft:stick":16,"minecraft:raw_iron":50,"minecraft:torch":21,"minecraft:spruce_stairs":15,"minecraft:pointed_dripstone":3,"minecraft:diorite":3,"minecraft:rotten_flesh":3,"minecraft:cobblestone":818,"minecraft:birch_log":1,"minecraft:andesite":48,"simplefarming:broccoli_seeds":2,"minecraft:dirt":475,"minecraft:wheat_seeds":3,"minecraft:orange_tulip":1,"simplefarming:honeydew_seeds":1,"minecraft:pumpkin":9,"minecraft:dandelion":1,"minecraft:gravel":2,"minecraft:stripped_spruce_log":1,"minecraft:spruce_sapling":11,"minecraft:spruce_log":206,"minecraft:spruce_door":3,"minecraft:spider_eye":1,"minecraft:mossy_cobblestone":12,"minecraft:oak_wood":9,"minecraft:purple_bed":1,"minecraft:granite":57,"minecraft:baked_potato":9,"minecraft:oak_sapling":6,"minecraft:dark_oak_wood":1,"minecraft:coal":91},"minecraft:killed":{"minecraft:spider":1,"minecraft:zombie":2},"minecraft:broken":{"minecraft:iron_shovel":2,"minecraft:stone_pickaxe":1,"minecraft:iron_axe":2,"minecraft:iron_pickaxe":3},"minecraft:crafted":{"minecraft:oak_planks":4,"simplyswords:iron_twinblade":1,"minecraft:furnace":1,"minecraft:cobblestone_stairs":4,"minecraft:iron_axe":3,"minecraft:stone_pickaxe":1,"minecraft:chest":3,"sophisticatedbackpacks:backpack":1,"minecraft:crafting_table":5,"minecraft:spruce_planks":408,"minecraft:baked_potato":13,"minecraft:spruce_door":3,"minecraft:birch_planks":4,"minecraft:air":0,"minecraft:stick":32,"minecraft:iron_pickaxe":5,"minecraft:iron_ingot":41,"minecraft:iron_shovel":3,"minecraft:torch":44},"minecraft:custom":{"lootr:looted_stat":3,"minecraft:mob_kills":3,"minecraft:interact_with_crafting_table":24,"minecraft:time_since_death":71569,"minecraft:leave_game":1,"minecraft:climb_one_cm":6376,"minecraft:damage_resisted":40,"minecraft:sprint_one_cm":165066,"minecraft:walk_one_cm":395414,"minecraft:drop":22,"minecraft:play_time":136450,"minecraft:deaths":1,"minecraft:sneak_time":7243,"minecraft:walk_under_water_one_cm":904,"minecraft:jump":1129,"minecraft:interact_with_blast_furnace":1,"minecraft:walk_on_water_one_cm":622,"minecraft:total_world_time":136450,"minecraft:interact_with_furnace":15,"minecraft:time_since_rest":71593,"minecraft:damage_taken":1390,"minecraft:damage_dealt":900,"minecraft:fly_one_cm":128431,"minecraft:player_kills":1,"minecraft:open_chest":37,"minecraft:crouch_one_cm":28992,"minecraft:fall_one_cm":40674},"minecraft:killed_by":{"minecraft:player":1},"minecraft:used":{"minecraft:iron_shovel":633,"minecraft:spruce_planks":327,"minecraft:chest":6,"simplefarming:cherries":5,"minecraft:iron_chestplate":1,"minecraft:stick":1,"minecraft:torch":39,"minecraft:dirt":195,"minecraft:spruce_stairs":1,"minecraft:oak_wood":1,"simplefarming:cooked_egg":6,"minecraft:iron_axe":520,"minecraft:iron_helmet":1,"minecraft:furnace":3,"minecraft:potato":3,"royalvariations:royal_staff":6,"minecraft:cobblestone_stairs":1,"minecraft:spruce_door":1,"minecraft:stone_pickaxe":113,"minecraft:baked_potato":5,"minecraft:wooden_pickaxe":8,"beautify:lamp_bamboo":1,"minecraft:crafting_table":9,"simplyswords:iron_twinblade":4,"simplefarming:hamburger":2,"minecraft:spruce_log":44,"minecraft:bread":4,"minecraft:iron_pickaxe":1088,"simplefarming:apricot":5,"minecraft:cobblestone":242,"minecraft:purple_bed":1}},"DataVersion":3465}