{"stats":{"minecraft:picked_up":{"minecraft:spruce_log":4,"minecraft:dirt":2},"minecraft:mined":{"minecraft:grass":2,"minecraft:grass_block":2,"minecraft:dark_oak_leaves":3,"minecraft:spruce_log":4,"minecraft:oak_leaves":1,"minecraft:fern":1,"minecraft:torch":1},"minecraft:crafted":{"minecraft:spruce_planks":32},"minecraft:custom":{"minecraft:time_since_rest":28450,"lootr:looted_stat":3,"minecraft:crouch_one_cm":191,"minecraft:sprint_one_cm":38148,"minecraft:play_time":28450,"minecraft:damage_taken":96,"minecraft:walk_one_cm":37762,"minecraft:sneak_time":119,"minecraft:jump":190,"minecraft:damage_dealt":0,"minecraft:leave_game":1,"minecraft:time_since_death":28450,"minecraft:total_world_time":28450,"minecraft:climb_one_cm":4330,"minecraft:fall_one_cm":5431,"minecraft:fly_one_cm":23427},"minecraft:used":{"simplefarming:apricot":2,"minecraft:iron_chestplate":1,"simplefarming:cooked_egg":1,"minecraft:iron_helmet":1,"simplefarming:cherries":1}},"DataVersion":3465}