{"stats":{"minecraft:mined":{"lootr:lootr_chest":1,"minecraft:dark_oak_leaves":5,"minecraft:spruce_log":9,"minecraft:andesite":4,"minecraft:torch":1,"minecraft:grass":2,"minecraft:grass_block":3,"minecraft:coal_ore":1,"minecraft:tall_grass":1,"minecraft:spruce_leaves":5,"minecraft:stone":6,"minecraft:oak_leaves":1,"minecraft:fern":1},"minecraft:picked_up":{"minecraft:andesite":2,"minecraft:spruce_log":9,"minecraft:dirt":3,"minecraft:chest":1,"minecraft:coal":1,"minecraft:cobblestone":6},"minecraft:killed":{"minecraft:zombie":1},"minecraft:crafted":{"sophisticatedbackpacks:backpack":1,"minecraft:crafting_table":1,"minecraft:spruce_planks":32,"minecraft:stick":4,"minecraft:stone_pickaxe":1,"minecraft:torch":4},"minecraft:custom":{"minecraft:time_since_rest":64450,"lootr:looted_stat":3,"minecraft:sprint_one_cm":74007,"minecraft:damage_taken":281,"minecraft:walk_one_cm":67273,"minecraft:mob_kills":1,"minecraft:damage_dealt":174,"minecraft:interact_with_crafting_table":2,"minecraft:fly_one_cm":57326,"minecraft:crouch_one_cm":2437,"minecraft:play_time":64450,"minecraft:sneak_time":658,"minecraft:jump":402,"minecraft:leave_game":1,"minecraft:time_since_death":64450,"minecraft:climb_one_cm":5217,"minecraft:total_world_time":64450,"minecraft:fall_one_cm":17347},"minecraft:used":{"simplefarming:cooked_egg":1,"minecraft:stone_pickaxe":17,"minecraft:iron_helmet":1,"minecraft:wooden_pickaxe":7,"simplefarming:cherries":5,"minecraft:iron_chestplate":1,"simplefarming:apricot":3,"minecraft:crafting_table":1}},"DataVersion":3465}