{"stats":{"minecraft:picked_up":{"minecraft:spruce_log":4,"minecraft:dirt":2},"minecraft:mined":{"minecraft:grass":2,"minecraft:grass_block":2,"minecraft:dark_oak_leaves":3,"minecraft:spruce_leaves":1,"minecraft:spruce_log":4,"minecraft:oak_leaves":1,"minecraft:fern":1,"minecraft:torch":1},"minecraft:crafted":{"minecraft:spruce_planks":32},"minecraft:custom":{"minecraft:time_since_rest":40450,"lootr:looted_stat":3,"minecraft:crouch_one_cm":191,"minecraft:sprint_one_cm":43600,"minecraft:play_time":40450,"minecraft:damage_taken":146,"minecraft:walk_one_cm":42215,"minecraft:sneak_time":119,"minecraft:jump":230,"minecraft:damage_dealt":0,"minecraft:leave_game":1,"minecraft:time_since_death":40450,"minecraft:total_world_time":40450,"minecraft:climb_one_cm":4567,"minecraft:fall_one_cm":6936,"minecraft:fly_one_cm":27836},"minecraft:used":{"simplefarming:apricot":2,"minecraft:iron_chestplate":1,"simplefarming:cooked_egg":1,"minecraft:iron_helmet":1,"simplefarming:cherries":2}},"DataVersion":3465}