{"stats":{"minecraft:mined":{"minecraft:furnace":1,"lootr:lootr_chest":1,"minecraft:dark_oak_leaves":5,"minecraft:iron_ore":13,"minecraft:spruce_log":9,"minecraft:andesite":5,"minecraft:torch":1,"supplementaries:stick":1,"minecraft:pointed_dripstone":1,"minecraft:grass":2,"minecraft:grass_block":3,"minecraft:coal_ore":11,"denseores:dense_coal_ore":10,"minecraft:tall_grass":1,"minecraft:spruce_leaves":6,"minecraft:stone":16,"minecraft:oak_leaves":1,"minecraft:deepslate":10,"minecraft:wall_torch":1,"minecraft:fern":1},"minecraft:picked_up":{"minecraft:stick":1,"minecraft:raw_iron":13,"minecraft:andesite":3,"royalvariations:royal_staff":1,"minecraft:pointed_dripstone":3,"minecraft:spruce_sapling":1,"minecraft:spruce_log":9,"minecraft:dirt":3,"minecraft:cobbled_deepslate":10,"minecraft:chest":1,"minecraft:coal":67,"minecraft:cobblestone":16,"minecraft:furnace":1},"minecraft:killed":{"minecraft:zombie":1},"minecraft:crafted":{"sophisticatedbackpacks:backpack":1,"minecraft:crafting_table":2,"minecraft:spruce_planks":32,"minecraft:stick":16,"minecraft:iron_pickaxe":1,"minecraft:iron_ingot":13,"minecraft:stone_pickaxe":1,"minecraft:furnace":1,"minecraft:torch":44,"minecraft:air":0},"minecraft:custom":{"minecraft:time_since_rest":11593,"minecraft:interact_with_furnace":6,"lootr:looted_stat":3,"minecraft:sprint_one_cm":82562,"minecraft:damage_taken":920,"minecraft:walk_one_cm":93561,"minecraft:mob_kills":1,"minecraft:damage_dealt":542,"minecraft:player_kills":1,"minecraft:interact_with_crafting_table":5,"minecraft:fly_one_cm":63641,"minecraft:crouch_one_cm":9013,"minecraft:play_time":76450,"minecraft:deaths":1,"minecraft:sneak_time":2375,"minecraft:walk_under_water_one_cm":904,"minecraft:jump":542,"minecraft:leave_game":1,"minecraft:walk_on_water_one_cm":622,"minecraft:time_since_death":11569,"minecraft:climb_one_cm":5217,"minecraft:total_world_time":76450,"minecraft:damage_resisted":40,"minecraft:fall_one_cm":23315},"minecraft:killed_by":{"minecraft:player":1},"minecraft:used":{"royalvariations:royal_staff":2,"simplefarming:cooked_egg":4,"minecraft:stone_pickaxe":86,"minecraft:iron_pickaxe":1,"minecraft:spruce_planks":13,"minecraft:iron_helmet":1,"minecraft:wooden_pickaxe":7,"simplefarming:cherries":5,"minecraft:stick":1,"minecraft:iron_chestplate":1,"simplefarming:apricot":5,"minecraft:torch":12,"minecraft:cobblestone":13,"minecraft:crafting_table":2,"minecraft:furnace":1,"simplefarming:hamburger":1}},"DataVersion":3465}