{"stats":{"minecraft:used":{"minecraft:moss_block":54,"minecraft:iron_shovel":650,"minecraft:armor_stand":1,"minecraft:spruce_slab":98,"minecraft:chest":6,"minecraft:spruce_planks":670,"minecraft:stone":10,"simplefarming:cherries":5,"azurepaxels:iron_paxel":249,"another_furniture:red_curtain":4,"minecraft:iron_chestplate":1,"minecraft:stick":1,"minecraft:torch":69,"minecraft:dirt":397,"simplefarming:oat_bread":1,"minecraft:spruce_stairs":57,"minecraft:oak_wood":1,"minecraft:granite":3,"simplefarming:cooked_egg":6,"minecraft:spruce_wood":49,"minecraft:iron_axe":996,"minecraft:iron_helmet":1,"another_furniture:red_stool":12,"minecraft:furnace":3,"minecraft:potato":3,"another_furniture:spruce_chair":2,"minecraft:cobbled_deepslate":20,"supplementaries:blackboard":4,"royalvariations:royal_staff":33,"minecraft:diorite":2,"minecraft:cobblestone_stairs":1,"minecraft:spruce_door":1,"minecraft:stone_pickaxe":113,"minecraft:baked_potato":22,"simplefarming:pulled_pork_sandwich":2,"minecraft:wooden_pickaxe":8,"rechiseled:cobblestone_dented_connecting":2,"beautify:lamp_bamboo":6,"minecraft:mossy_cobblestone":40,"minecraft:crafting_table":10,"simplyswords:iron_twinblade":5,"minecraft:smoker":1,"simplefarming:hamburger":2,"minecraft:spruce_log":56,"minecraft:bread":4,"minecraft:map":1,"minecraft:iron_pickaxe":1449,"supplementaries:iron_gate":16,"simplefarming:apricot":5,"minecraft:cobblestone":611,"minecraft:purple_bed":2,"minecraft:andesite":5,"minecraft:pumpkin_pie":8},"minecraft:crafted":{"minecraft:oak_planks":4,"minecraft:raw_iron":9,"minecraft:iron_nugget":45,"simplyswords:iron_twinblade":1,"minecraft:cooked_chicken":2,"minecraft:furnace":1,"minecraft:cobblestone_stairs":4,"another_furniture:red_curtain":3,"another_furniture:spruce_chair":3,"minecraft:spruce_stairs":80,"azurepaxels:iron_paxel":1,"minecraft:leather":6,"minecraft:iron_axe":5,"minecraft:spruce_slab":126,"minecraft:stone_pickaxe":1,"minecraft:chest":3,"shieldsplus:wooden_shield":1,"minecraft:wheat":162,"minecraft:red_dye":6,"simplefarming:oat_bread":1,"sophisticatedbackpacks:backpack":1,"minecraft:crafting_table":5,"minecraft:spruce_planks":872,"shieldsplus:iron_shield":1,"minecraft:baked_potato":13,"minecraft:spruce_door":3,"minecraft:red_wool":6,"another_furniture:red_stool":6,"minecraft:birch_planks":4,"minecraft:bread":53,"minecraft:air":0,"supplementaries:iron_gate":18,"minecraft:stick":32,"minecraft:iron_pickaxe":7,"minecraft:iron_ingot":74,"minecraft:iron_shovel":4,"minecraft:torch":44,"minecraft:shears":1},"minecraft:killed":{"minecraft:spider":3,"minecraft:skeleton":1,"minecraft:chicken":2,"minecraft:zombie":3},"minecraft:broken":{"minecraft:iron_shovel":2,"royalvariations:royal_staff":1,"minecraft:stone_pickaxe":1,"azurepaxels:iron_paxel":1,"minecraft:iron_axe":3,"minecraft:iron_pickaxe":5},"minecraft:picked_up":{"minecraft:charcoal":4,"minecraft:crafting_table":6,"minecraft:chicken":2,"minecraft:clay_ball":8,"minecraft:brown_mushroom":1,"royalvariations:royal_staff":1,"beautify:lamp_bamboo":4,"minecraft:string":2,"minecraft:moss_carpet":10,"minecraft:armor_stand":1,"minecraft:iron_shovel":2,"minecraft:red_sand":1,"minecraft:cobbled_deepslate":40,"minecraft:spruce_planks":130,"minecraft:calcite":38,"minecraft:rose_bush":1,"minecraft:azalea":8,"minecraft:poppy":2,"minecraft:spruce_slab":70,"supplementaries:blackboard":3,"minecraft:chest":5,"minecraft:spruce_trapdoor":18,"minecraft:furnace":2,"minecraft:dark_oak_sapling":19,"minecraft:stick":35,"minecraft:raw_iron":83,"minecraft:big_dripleaf":3,"minecraft:torch":30,"minecraft:spruce_stairs":70,"another_furniture:red_curtain":4,"minecraft:pointed_dripstone":3,"minecraft:diorite":5,"another_furniture:spruce_chair":1,"minecraft:rotten_flesh":3,"minecraft:hay_block":18,"minecraft:red_tulip":2,"minecraft:white_wool":7,"minecraft:cobblestone":1034,"minecraft:birch_log":1,"another_furniture:red_stool":6,"simplefarming:soybean_seeds":1,"minecraft:andesite":53,"minecraft:smoker":1,"minecraft:filled_map":1,"minecraft:oak_log":6,"minecraft:yellow_bed":1,"minecraft:cobblestone_stairs":4,"minecraft:lapis_lazuli":24,"simplefarming:broccoli_seeds":2,"minecraft:dirt":544,"minecraft:apple":4,"minecraft:raw_gold":4,"minecraft:orange_tulip":3,"minecraft:wheat_seeds":10,"minecraft:bell":1,"simplefarming:honeydew_seeds":1,"minecraft:spruce_wood":64,"minecraft:flowering_azalea":2,"minecraft:moss_block":59,"minecraft:book":12,"simplefarming:rice_seeds":2,"minecraft:pumpkin":9,"minecraft:dandelion":1,"minecraft:gravel":2,"powah:uraninite_raw":4,"minecraft:stripped_spruce_log":2,"minecraft:spruce_sapling":20,"minecraft:spruce_log":268,"minecraft:spider_eye":3,"minecraft:spruce_door":3,"minecraft:mossy_cobblestone":14,"rechiseled:cobblestone_dented_connecting":2,"minecraft:oak_wood":9,"minecraft:purple_bed":2,"minecraft:diamond":2,"minecraft:granite":79,"minecraft:rooted_dirt":2,"minecraft:baked_potato":9,"minecraft:oak_sapling":29,"simplefarming:cotton_seeds":1,"minecraft:dark_oak_wood":1,"minecraft:coal":147},"minecraft:custom":{"lootr:looted_stat":5,"minecraft:mob_kills":9,"minecraft:interact_with_crafting_table":45,"minecraft:time_since_death":3014,"minecraft:leave_game":4,"minecraft:climb_one_cm":14199,"minecraft:damage_resisted":51,"minecraft:sprint_one_cm":424098,"minecraft:walk_one_cm":905125,"minecraft:drop":44,"minecraft:play_time":262254,"minecraft:deaths":5,"minecraft:sneak_time":14917,"minecraft:walk_under_water_one_cm":5022,"minecraft:jump":2674,"minecraft:interact_with_blast_furnace":1,"minecraft:walk_on_water_one_cm":4245,"minecraft:total_world_time":262254,"minecraft:interact_with_furnace":26,"minecraft:sleep_in_bed":1,"minecraft:time_since_rest":3037,"minecraft:damage_taken":3521,"minecraft:damage_dealt":1973,"minecraft:swim_one_cm":3634,"minecraft:fly_one_cm":388730,"minecraft:player_kills":1,"minecraft:open_chest":118,"minecraft:crouch_one_cm":68792,"minecraft:fall_one_cm":103503},"minecraft:killed_by":{"minecraft:player":1,"minecraft:spider":1},"minecraft:mined":{"powah:deepslate_uraninite_ore":3,"minecraft:spruce_planks":124,"minecraft:mossy_cobblestone":15,"minecraft:deepslate_diamond_ore":2,"minecraft:dark_oak_leaves":386,"minecraft:cobblestone_stairs":4,"minecraft:cave_vines_plant":1,"minecraft:spruce_trapdoor":18,"minecraft:granite":103,"minecraft:red_sand":65,"minecraft:grass_block":262,"minecraft:spruce_leaves":338,"denseores:dense_deepslate_iron_ore":3,"minecraft:moss_block":59,"minecraft:rooted_dirt":2,"minecraft:hay_block":18,"minecraft:furnace":2,"minecraft:iron_ore":45,"rechiseled:cobblestone_dented_connecting":2,"another_furniture:red_stool":6,"minecraft:andesite":55,"minecraft:stripped_spruce_log":2,"minecraft:pumpkin":10,"minecraft:deepslate_lapis_ore":2,"minecraft:bell":1,"minecraft:cave_vines":4,"minecraft:red_tulip":2,"minecraft:bookshelf":4,"minecraft:pointed_dripstone":1,"supplementaries:stick":1,"minecraft:flowering_azalea_leaves":1,"minecraft:vine":3,"minecraft:deepslate_iron_ore":34,"minecraft:dirt_path":20,"supplementaries:blackboard":3,"minecraft:spruce_wood":102,"minecraft:azalea_leaves":3,"minecraft:stone":938,"minecraft:spruce_slab":65,"minecraft:glass_pane":6,"lootr:lootr_chest":2,"denseores:dense_deepslate_coal_ore":4,"minecraft:smoker":1,"powah:uraninite_ore":1,"supplementaries:iron_gate":1,"minecraft:dandelion":1,"minecraft:clay":2,"minecraft:crafting_table":6,"beautify:lamp_bamboo":4,"minecraft:torch":12,"minecraft:dark_oak_wood":2,"minecraft:oak_wood":11,"another_furniture:spruce_chair":1,"minecraft:calcite":38,"minecraft:poppy":2,"minecraft:chest":2,"minecraft:rose_bush":1,"minecraft:campfire":1,"denseores:dense_coal_ore":10,"minecraft:tall_grass":15,"minecraft:cobblestone":220,"minecraft:deepslate_coal_ore":16,"minecraft:deepslate_gold_ore":2,"minecraft:lapis_ore":2,"minecraft:diorite":4,"minecraft:blue_bed":1,"minecraft:wall_torch":8,"minecraft:spruce_stairs":63,"another_furniture:red_curtain":4,"minecraft:purple_bed":2,"minecraft:spruce_log":268,"minecraft:birch_leaves":2,"minecraft:yellow_bed":2,"minecraft:orange_tulip":2,"minecraft:grass":17,"minecraft:oak_log":3,"minecraft:coal_ore":48,"minecraft:gravel":9,"minecraft:dirt":329,"minecraft:cracked_stone_bricks":1,"minecraft:gold_ore":2,"minecraft:oak_leaves":621,"minecraft:deepslate":37,"minecraft:fern":13},"minecraft:dropped":{"minecraft:bread":7,"minecraft:stripped_spruce_log":1,"minecraft:wheat_seeds":1,"minecraft:oak_log":6,"minecraft:mossy_cobblestone":2,"minecraft:crafting_table":1,"minecraft:orange_tulip":1,"minecraft:cobblestone":2,"minecraft:granite":29,"minecraft:spruce_stairs":7,"simplefarming:broccoli_seeds":2,"minecraft:dirt":107,"simplefarming:rice_seeds":1,"minecraft:pumpkin_pie":6,"minecraft:sand":5,"minecraft:iron_shovel":2,"minecraft:cobbled_deepslate":5,"minecraft:pointed_dripstone":3,"minecraft:filled_map":1,"simplefarming:honeydew_seeds":1,"minecraft:spruce_planks":16,"minecraft:andesite":34,"minecraft:chest":1,"minecraft:oak_sapling":2,"minecraft:spruce_log":2,"minecraft:wooden_pickaxe":1}},"DataVersion":3465}