{"stats":{"minecraft:picked_up":{"minecraft:charcoal":2,"minecraft:crafting_table":6,"minecraft:brown_mushroom":1,"royalvariations:royal_staff":1,"beautify:lamp_bamboo":1,"minecraft:string":1,"minecraft:armor_stand":1,"minecraft:iron_shovel":2,"minecraft:cobbled_deepslate":18,"minecraft:spruce_planks":105,"minecraft:spruce_slab":41,"minecraft:chest":5,"minecraft:spruce_trapdoor":8,"minecraft:furnace":2,"minecraft:dark_oak_sapling":15,"minecraft:stick":18,"minecraft:raw_iron":50,"minecraft:torch":21,"minecraft:spruce_stairs":64,"minecraft:pointed_dripstone":3,"minecraft:diorite":3,"minecraft:rotten_flesh":3,"minecraft:cobblestone":931,"minecraft:birch_log":1,"minecraft:andesite":48,"simplefarming:broccoli_seeds":2,"minecraft:dirt":489,"minecraft:apple":3,"minecraft:orange_tulip":1,"minecraft:wheat_seeds":3,"minecraft:spruce_wood":49,"simplefarming:honeydew_seeds":1,"minecraft:pumpkin":9,"minecraft:dandelion":1,"minecraft:gravel":2,"minecraft:stripped_spruce_log":1,"minecraft:spruce_sapling":11,"minecraft:spruce_log":217,"minecraft:spider_eye":2,"minecraft:spruce_door":3,"minecraft:mossy_cobblestone":12,"minecraft:oak_wood":9,"minecraft:purple_bed":1,"minecraft:granite":60,"minecraft:baked_potato":9,"minecraft:oak_sapling":13,"minecraft:dark_oak_wood":1,"minecraft:coal":92},"minecraft:custom":{"lootr:looted_stat":3,"minecraft:mob_kills":4,"minecraft:interact_with_crafting_table":31,"minecraft:time_since_death":19377,"minecraft:leave_game":2,"minecraft:climb_one_cm":6376,"minecraft:damage_resisted":40,"minecraft:sprint_one_cm":186859,"minecraft:walk_one_cm":525613,"minecraft:drop":22,"minecraft:play_time":161881,"minecraft:deaths":2,"minecraft:sneak_time":9321,"minecraft:walk_under_water_one_cm":904,"minecraft:jump":1218,"minecraft:interact_with_blast_furnace":1,"minecraft:walk_on_water_one_cm":622,"minecraft:total_world_time":161881,"minecraft:interact_with_furnace":17,"minecraft:sleep_in_bed":1,"minecraft:time_since_rest":15774,"minecraft:damage_taken":1642,"minecraft:damage_dealt":1060,"minecraft:fly_one_cm":136588,"minecraft:player_kills":1,"minecraft:open_chest":44,"minecraft:crouch_one_cm":39737,"minecraft:fall_one_cm":44110},"minecraft:broken":{"minecraft:iron_shovel":2,"minecraft:stone_pickaxe":1,"minecraft:iron_axe":3,"minecraft:iron_pickaxe":4},"minecraft:dropped":{"minecraft:stripped_spruce_log":1,"minecraft:wheat_seeds":1,"minecraft:mossy_cobblestone":2,"minecraft:cobblestone":2,"minecraft:granite":28,"minecraft:spruce_stairs":7,"simplefarming:broccoli_seeds":1,"minecraft:dirt":107,"minecraft:sand":5,"minecraft:iron_shovel":2,"minecraft:cobbled_deepslate":5,"minecraft:pointed_dripstone":3,"minecraft:spruce_planks":16,"minecraft:andesite":34,"minecraft:chest":1,"minecraft:oak_sapling":2,"minecraft:spruce_log":2,"minecraft:wooden_pickaxe":1},"minecraft:used":{"minecraft:iron_shovel":639,"minecraft:spruce_slab":48,"minecraft:chest":6,"minecraft:spruce_planks":498,"simplefarming:cherries":5,"minecraft:iron_chestplate":1,"minecraft:stick":1,"minecraft:torch":47,"minecraft:dirt":202,"minecraft:spruce_stairs":51,"minecraft:oak_wood":1,"simplefarming:cooked_egg":6,"minecraft:spruce_wood":25,"minecraft:iron_axe":768,"minecraft:iron_helmet":1,"minecraft:furnace":3,"minecraft:potato":3,"royalvariations:royal_staff":9,"minecraft:cobblestone_stairs":1,"minecraft:spruce_door":1,"minecraft:stone_pickaxe":113,"minecraft:baked_potato":9,"minecraft:wooden_pickaxe":8,"beautify:lamp_bamboo":1,"minecraft:crafting_table":10,"simplyswords:iron_twinblade":4,"simplefarming:hamburger":2,"minecraft:spruce_log":47,"minecraft:bread":4,"minecraft:iron_pickaxe":1215,"simplefarming:apricot":5,"minecraft:cobblestone":381,"minecraft:purple_bed":1},"minecraft:mined":{"minecraft:spruce_planks":98,"minecraft:mossy_cobblestone":13,"minecraft:dark_oak_leaves":254,"minecraft:spruce_trapdoor":8,"minecraft:granite":83,"minecraft:grass_block":248,"minecraft:spruce_leaves":41,"denseores:dense_deepslate_iron_ore":3,"minecraft:furnace":2,"minecraft:iron_ore":22,"minecraft:andesite":50,"minecraft:stripped_spruce_log":1,"minecraft:pumpkin":9,"minecraft:pointed_dripstone":1,"supplementaries:stick":1,"minecraft:vine":3,"minecraft:deepslate_iron_ore":20,"minecraft:dirt_path":20,"minecraft:spruce_wood":87,"minecraft:stone":900,"minecraft:spruce_slab":37,"minecraft:glass_pane":6,"lootr:lootr_chest":2,"minecraft:dandelion":1,"minecraft:crafting_table":6,"beautify:lamp_bamboo":1,"minecraft:torch":7,"minecraft:dark_oak_wood":2,"minecraft:oak_wood":11,"minecraft:chest":2,"minecraft:campfire":1,"denseores:dense_coal_ore":10,"minecraft:tall_grass":4,"minecraft:cobblestone":140,"minecraft:diorite":3,"minecraft:blue_bed":1,"minecraft:wall_torch":7,"minecraft:spruce_stairs":57,"minecraft:purple_bed":1,"minecraft:spruce_log":217,"minecraft:orange_tulip":1,"minecraft:grass":8,"minecraft:coal_ore":21,"minecraft:gravel":9,"minecraft:dirt":302,"minecraft:oak_leaves":265,"minecraft:deepslate":13,"minecraft:fern":6},"minecraft:killed_by":{"minecraft:player":1,"minecraft:spider":1},"minecraft:killed":{"minecraft:spider":2,"minecraft:zombie":2},"minecraft:crafted":{"minecraft:oak_planks":4,"simplyswords:iron_twinblade":1,"minecraft:furnace":1,"minecraft:cobblestone_stairs":4,"minecraft:spruce_stairs":80,"minecraft:iron_axe":4,"minecraft:spruce_slab":126,"minecraft:stone_pickaxe":1,"minecraft:chest":3,"sophisticatedbackpacks:backpack":1,"minecraft:crafting_table":5,"minecraft:spruce_planks":664,"minecraft:baked_potato":13,"minecraft:spruce_door":3,"minecraft:birch_planks":4,"minecraft:air":0,"minecraft:stick":32,"minecraft:iron_pickaxe":6,"minecraft:iron_ingot":41,"minecraft:iron_shovel":3,"minecraft:torch":44}},"DataVersion":3465}