{"stats":{"minecraft:custom":{"minecraft:jump":29,"minecraft:time_since_rest":3557,"minecraft:crouch_one_cm":180,"minecraft:deaths":2,"minecraft:sprint_one_cm":6344,"minecraft:play_time":5024,"minecraft:damage_taken":1270,"minecraft:time_since_death":3528,"minecraft:walk_one_cm":7722,"minecraft:sneak_time":59,"minecraft:total_world_time":5024,"minecraft:fall_one_cm":11894,"minecraft:fly_one_cm":8966},"minecraft:mined":{"minecraft:grass":2,"minecraft:grass_block":3},"minecraft:picked_up":{"minecraft:dirt":1}},"DataVersion":3465}