{"stats":{"minecraft:dropped":{"minecraft:stripped_spruce_log":1,"minecraft:wheat_seeds":1,"minecraft:cobbled_deepslate":5,"minecraft:mossy_cobblestone":2,"minecraft:pointed_dripstone":3,"minecraft:granite":16,"minecraft:spruce_planks":16,"minecraft:chest":1,"minecraft:oak_sapling":2,"minecraft:spruce_log":2,"minecraft:sand":5,"minecraft:wooden_pickaxe":1},"minecraft:mined":{"minecraft:spruce_planks":23,"minecraft:glass_pane":6,"lootr:lootr_chest":2,"minecraft:mossy_cobblestone":13,"minecraft:dark_oak_leaves":74,"minecraft:crafting_table":2,"minecraft:spruce_trapdoor":8,"minecraft:torch":1,"minecraft:granite":19,"minecraft:dark_oak_wood":2,"minecraft:oak_wood":9,"minecraft:grass_block":67,"denseores:dense_coal_ore":10,"minecraft:tall_grass":4,"minecraft:cobblestone":98,"minecraft:spruce_leaves":40,"denseores:dense_deepslate_iron_ore":3,"minecraft:diorite":3,"minecraft:blue_bed":1,"minecraft:wall_torch":1,"minecraft:spruce_stairs":8,"minecraft:purple_bed":1,"minecraft:furnace":1,"minecraft:iron_ore":13,"minecraft:spruce_log":203,"minecraft:andesite":50,"minecraft:stripped_spruce_log":1,"minecraft:pumpkin":9,"minecraft:dirt_path":3,"minecraft:grass":4,"minecraft:pointed_dripstone":1,"supplementaries:stick":1,"minecraft:coal_ore":11,"minecraft:vine":3,"minecraft:deepslate_iron_ore":20,"minecraft:dirt":7,"minecraft:spruce_wood":37,"minecraft:stone":54,"minecraft:oak_leaves":136,"minecraft:deepslate":13,"minecraft:fern":6},"minecraft:picked_up":{"minecraft:birch_log":1,"minecraft:crafting_table":2,"minecraft:andesite":48,"minecraft:brown_mushroom":1,"royalvariations:royal_staff":1,"simplefarming:broccoli_seeds":1,"minecraft:dirt":74,"minecraft:armor_stand":1,"minecraft:wheat_seeds":2,"minecraft:cobbled_deepslate":18,"simplefarming:honeydew_seeds":1,"minecraft:spruce_planks":33,"minecraft:chest":3,"minecraft:spruce_trapdoor":8,"minecraft:furnace":1,"minecraft:dark_oak_sapling":4,"minecraft:stick":16,"minecraft:raw_iron":41,"minecraft:pumpkin":9,"minecraft:torch":10,"minecraft:spruce_stairs":8,"minecraft:stripped_spruce_log":1,"minecraft:spruce_sapling":11,"minecraft:pointed_dripstone":3,"minecraft:diorite":3,"minecraft:spruce_log":203,"minecraft:spruce_door":3,"minecraft:mossy_cobblestone":12,"minecraft:purple_bed":1,"minecraft:oak_wood":7,"minecraft:rotten_flesh":3,"minecraft:granite":17,"minecraft:oak_sapling":6,"minecraft:dark_oak_wood":1,"minecraft:coal":67,"minecraft:cobblestone":151},"minecraft:killed":{"minecraft:zombie":2},"minecraft:broken":{"minecraft:iron_axe":1,"minecraft:iron_pickaxe":1},"minecraft:crafted":{"minecraft:oak_planks":4,"sophisticatedbackpacks:backpack":1,"minecraft:crafting_table":4,"simplyswords:iron_twinblade":1,"minecraft:spruce_planks":44,"minecraft:furnace":1,"minecraft:air":0,"minecraft:iron_axe":2,"minecraft:stick":28,"minecraft:iron_ingot":13,"minecraft:iron_pickaxe":1,"minecraft:stone_pickaxe":1,"minecraft:iron_shovel":1,"minecraft:torch":44},"minecraft:custom":{"lootr:looted_stat":3,"minecraft:interact_with_furnace":6,"minecraft:mob_kills":2,"minecraft:interact_with_crafting_table":10,"minecraft:leave_game":1,"minecraft:time_since_death":35569,"minecraft:climb_one_cm":6376,"minecraft:damage_resisted":40,"minecraft:time_since_rest":35593,"minecraft:sprint_one_cm":145826,"minecraft:damage_taken":1170,"minecraft:walk_one_cm":194480,"minecraft:drop":13,"minecraft:damage_dealt":740,"minecraft:fly_one_cm":121868,"minecraft:player_kills":1,"minecraft:open_chest":2,"minecraft:crouch_one_cm":13954,"minecraft:play_time":100450,"minecraft:deaths":1,"minecraft:sneak_time":3568,"minecraft:walk_under_water_one_cm":904,"minecraft:jump":919,"minecraft:interact_with_blast_furnace":1,"minecraft:walk_on_water_one_cm":622,"minecraft:total_world_time":100450,"minecraft:fall_one_cm":35437},"minecraft:killed_by":{"minecraft:player":1},"minecraft:used":{"royalvariations:royal_staff":3,"minecraft:iron_shovel":120,"minecraft:stone_pickaxe":86,"minecraft:chest":1,"minecraft:spruce_planks":19,"minecraft:wooden_pickaxe":8,"simplefarming:cherries":5,"minecraft:iron_chestplate":1,"minecraft:stick":1,"minecraft:torch":15,"minecraft:dirt":50,"minecraft:crafting_table":4,"minecraft:spruce_stairs":1,"simplyswords:iron_twinblade":4,"minecraft:oak_wood":1,"minecraft:spruce_log":3,"simplefarming:hamburger":2,"simplefarming:cooked_egg":6,"minecraft:iron_axe":493,"minecraft:bread":4,"minecraft:iron_pickaxe":247,"minecraft:iron_helmet":1,"simplefarming:apricot":5,"minecraft:cobblestone":16,"minecraft:furnace":1}},"DataVersion":3465}