{
	"level_seeds": [
		{
			"dim": "twilightforest:twilight_forest",
			"seed": 4068966145840758592
		},
		{
			"dim": "deeperdarker:otherside",
			"seed": 4068966145840758592
		},
		{
			"dim": "minecraft:the_nether",
			"seed": 4068966145840758592
		},
		{
			"dim": "minecraft:overworld",
			"seed": 4068966145840758592
		},
		{
			"dim": "minecraft:the_end",
			"seed": 4068966145840758592
		}
	],
	"structure_seeds": [
		{
			"dim": "twilightforest:twilight_forest",
			"seed": 4068966145840758592
		},
		{
			"dim": "deeperdarker:otherside",
			"seed": 4068966145840758592
		},
		{
			"dim": "minecraft:the_nether",
			"seed": 4068966145840758592
		},
		{
			"dim": "minecraft:overworld",
			"seed": 4068966145840758592
		},
		{
			"dim": "minecraft:the_end",
			"seed": 4068966145840758592
		}
	]
}